Customer,TotalRate,Pickup,Dropoff,PickupDate
0,0,NULL,NULL,NULL
6269,1300,  Epes Transport Warehouse,  TA Services,2023-09-21
6270,1800,GREENDALE IN,CHESTER VA,2023-09-21
6271,850,VIRGINIA BEACH VA,BROWN SUMMIT NC,2023-09-21
6272,800,"  920 BLACK SATCHEL RD, CHARLOTTE NC 28216","  2000 Monticello Ave, NORFOLK VA 23517",2023-09-21
6271,750,virginia beach va,brown summit nc,2023-09-21
6268,1350,"  Petersburg, VA","  Terre Haute, IN",2023-09-21
6276,3000,"  EXEL LOGISTICS, 2100 INNOVATION BLVD, MOORESVILLE, IN - 46158 USA","  VERSATILE PACKAGERS, 933 CHAD LN, TAMPA, FL - 33619- 4331 USA",2023-09-21
6273,950,  TAMPA FL 33637,LYNDHURST VA 22952,2023-09-21
6268,1350,"Petersburg, VA","  Terre Haute, IN",2023-09-21
6274,2000,CRAWFORDSVILL IN 47933,SUFFOLK VA 23434,2023-09-21
6271,850,"  WORLD DISTRIBUTION SERVICES 1537 AIR RAIL AVE VIRGINIA BCH, VA 23455-3017","  LT APPAREL GROUP 5979 Summit Ave BROWN SUMMIT, NC 27214",2023-09-21
6275,1150,"  WORLD DISTRIBUTION SERVICES 1537 AIR RAIL AVE VIRGINIA BCH, VA 23455-3017","  LT APPAREL GROUP 5979 Summit Ave BROWN SUMMIT, NC 27214",2023-09-21
6275,1150,Detention,,2023-09-21
6277,2060,"  AVONDALE, AZ 85323","    HOUSTON, TX 77048",2023-09-13
6278,1975,"Houston, TX","Tolleson, AZ",2023-09-18
6270,2000,"  AIPC-DRP--STATES LOGISTICS (SL) 6868469 N/A 09/05/2023 (0845)
420 § 10 4 TH AVE
TOLLESON, AZ 85353","  BROOKSHIRE BROTHERS 4501959711 N/A 09/06/2023 MARTIN LUTHER KING JR. BLVD LUFKIN, TX",2023-09-25
6279,1649,WILMER TX,TOLLESON AZ,2023-09-05
6280,500,"CHESTER, VA","DISPUTANTA, VA",2023-09-25
6280,750," Chester, VA","Arlington, VA",2023-09-25
6280,750,"Chester, VA","Manassas, VA",2023-09-25
6281,1000,"  PENN PAK 1101 AIRPORT INDUSTRIAL BLVD MADISON, GA 30650","    DC 6023 21500 COX RD SUTHERLAND, VA 23885",2023-09-25
6282,1500,"  Virginia Beach, VA 23455","  Lawrenceville, GA 30046",2023-09-25
6283,950,"  180 BROOKS BLVD, SPARTANBURG, SC 29307","  2333 WELLS ROAD, PETERSBURG, VA 23805",2023-09-25
6284,680,ASHLAND VA,CHARLOTTE NC,2023-09-25
6285,2000,"  LA PORTE, TX 77571","  WINSTON SALEM, NC 271074574",2023-09-25
6286,750,"  701 LAWTON RD, CHARLOTTE, NC 28216","  4400 VAWTER AVE, RICHMOND, VA 23222",2023-09-25
6287,2400,"  Avoca Inc, 841 Avoca Farm, Merry Hill, NC 27957","  GMI Mann, 8000 Market Street Suite 130, Houston, TX 77029",2023-09-25
6268,1350,"PETERSBURG, VA","TERRE HAUTE, IN",2023-09-25
6288,627,RICHMOND VA,GREENSBORO NC,2023-10-02
6292,900,"  150 S Bivens Road, Monroe, NC 28112","  4701 Chudoba Parkway, Prince George, VA 23875",2023-10-02
6293,800,"  OTTO ENVIRONMENTAL SYSTEMS, 12700 GENERAL DRIVE, CHARLOTTE NC 28273","  American Hauling Service, 15240 Cleve Dr., KING GEORGE VA 22485",2023-10-02
6280,800,"Chester, VA","Gaithersburg, MD",2023-10-02
6280,800,Chester VA,Alexandria VA,2023-10-02
6280,800,Chester VA,Gainesville VA,2023-10-02
6294,750,Williamsburg VA,Concord NC,2023-10-02
6295,2000,"  Prime Distribution Services (PLFN), Plainfield, IN 46168","  SAMS DISTRIBUTION CENTER, Prince George, VA 23875",2023-10-02
6280,900, Chester VA,Washington DC,2023-10-02
6269,1400,  2501 6 0 th St HAMPTON VA 23661,  1520 Kepner Dr LAFAYETTE IN 47905,2023-10-02
6296,2400,NORTHPORT DR SUITE 1000 ROANOKE TX,QUALITY WAY PRINCE GEORGE VA,2023-10-02
6280,850,"Chester, VA","Washington, DC",2023-10-02
6297,1950,"  High Point, NC","Houston, TX",2023-10-02
6298,800,"Spencer, NC","Prince George, VA",2023-10-02
6268,1350,"  Petersburg, VA","  Terre Haute, IN",2023-10-02
6294,750,"  BRWY - Anheuser Busch, 7795 Pocahontas Trail, Williamsburg, VA 23185","  WSLR-RH Barringer Dist Co Inc, 125 Seven Oaks Dr, Linwood, NC 27299",2023-10-02
6299,1900,IN,VA,2023-10-02
6300,1800,NC,TX,2023-10-02
6301,2000,"  2595 WEST STATE ROAD 28, Alexandria, IN 46001","  1133 Kingwood Avenue, Norfolk, VA 23502",2023-10-02
6302,1900,"  5252 Decatur Blvd, Indianapolis, IN 46241","  11900 N. Lakeridge Pkwy, Ashland, VA 23005",2023-10-02
6269,1300,VA,IN,2023-10-02
6280,850,Chester VA,Arlington VA,2023-10-05
6280,850,Chester VA,Arlington VA,2023-10-05
6303,400,705 BRADBURN PL STE 103 STAFFORD VA,"  2913 Transport Rd Richmond, VA US 23234",2023-10-05
6297,2112,PASADENA TX,JAMESTOWN NC,2023-10-05
6304,1600,"  8935 POCAHONTAS TRAIL, Williamsburg, VA 23185","  SHANNON, GA 30172",2023-10-10
6305,1450,"  Afh Logistics Services, 400 Industrial Dr, Birmingham, AL 35211","  DLA - W 1 43 DWY 17 - MREs, Hampton Blvd & Seabee Rd, 1986 Gilbert ST BLDG W 1 43, Norfolk, VA 23511",2023-10-10
6269,1300,"  Epes Transport Warehouse, 2501 60th St, HAMPTON VA 23661","  TA Services, 790 Commerce Pkwy W Dr, GREENWOOD IN 46143",2023-10-10
6306,1900,"  WestRock, 3101 State St, Columbus, IN 47201","  West Rock, 5710 S Laburnum Ave, Richmond, VA 23231",2023-10-10
6268,2200,"  Suffolk, VA","  Rosenberg, TX",2023-10-10
6307,1750,"  Baytown , TX, 77523","  Princeton, IN, 47670",2023-10-10
6308,2100,Evansville IN,Manassas VA,2023-10-10
6304,850,"    Fredericksburg, VA","Charlotte, NC",2023-10-10
6309,150,"  4464 VET MEMORIAL PKWY E LAFAYETTE, IN 47905","  27123 SHADY BROOK TRL COURTLAND, VA 23837-2034",2023-10-10
6310,850,"  210 Crypton Drive, Kings Mountain, NC 28086","  201 HALEY ROAD, ASHLAND, VA 23005",2023-10-10
6272,800,Dallas NC,Prince George VA,2023-10-10
6311,900,"Portsmouth, VA",Stony Point NC,2023-10-10
6312,850,Lexington NC,Suffolk VA,2023-10-10
6313,900,Virginia Beach VA,Charlotte NC,2023-10-10
6314,700,"  17200 WARWICK BLVD, NEWPORT NEWS VA 23603","   295 BUSINESS PARK DR, WINSTON SALEM NC 27107",2023-10-10
6280,850,"Chester, VA","Chantilly, VA",2023-10-10
6280,875,"Chester, VA","Alexandria, VA",2023-10-10
6280,875,"Chester, VA","Alexandria, VA",2023-10-10
6280,875,"Chester, VA","Alexandria, VA",2023-10-10
6280,500,"Chester, VA",Disputanta VA,2023-10-10
6280,875,"Chester, VA","Alexandria, VA",2023-10-10
6310,1900,LA PORTE TX,PHOENIX AZ,2023-10-14
6268,1800,"  Tolleson, AZ","    Houston, TX",2023-10-14
6315,2000,"515 N 49th Ave, Phoenix, AZ 85043","  15515 Woodham Dr, Houston, TX 77073",2023-10-14
6316,2300,"  KENSING LLC, 914 E RANDOLPH RD, HOPEWELL VA 23860","  FRUIT OF THE EARTH, 1430 AVE R, GRAND PRAIRIE TX 75050",2023-10-14
6317,2100,CELLSITE SOLUTIONS 346 E BELT LINE RD COPPELL TX 75019,TCW 500 ALEXANDER AVE HENDERSON NC 27536,2023-10-14
6268,2200,"  Effingham, IL","  Henderson, NC",2023-10-16
6273,2700,TX,VA,2023-10-16
6268,1350,"  Petersburg, VA","  Terre Haute, IN",2023-10-16
6318,2400,VA,TX,2023-10-16
6272,800,NC,VA,2023-10-16
6319,700,"  WORLD DISTRIBUTION SERVICES, 1537 AIR RAIL AVE, VIRGINIA BEACH, VA US 43455","  LT Apparel Group - Brown Summit, 5979 Summit Avenue, Browns Summit, NC US 27214",2023-10-16
6297,800,NC,VA,2023-10-16
6319,725,"  WORLD DISTRIBUTION SERVICES, 1537 AIR RAIL AVE, VIRGINIA BEACH, VA US 43455","  LT Apparel Group - Brown Summit, 5979 Summit Avenue, Browns Summit, NC US 27214",2023-10-16
6320,850,NC,VA,2023-10-16
6280,850,  Chester VA,Gaithersburg MD,2023-10-20
6280,500,Chester VA,Disputanta VA,2023-10-20
6280,850,Chester VA,Alexandria VA,2023-10-20
6280,800,Chester VA,Chesapeake VA,2023-10-20
6280,850,   Chester VA,Alexandria VA,2023-10-20
6280,850,Chester VA,Alexandria VA,2023-10-20
6280,850,Chester VA,Alexandria VA,2023-10-20
6271,950,"  HIGH PT, NC 27260",    NOTTINGHAM BA MD 21236,2023-10-20
6320,600,"  BALTIMORE, MD 21224","  HENRICO, VA 23231",2023-10-20
6321,2000,"  MASSIMO ZANETTI BEVERAGE USA, 1201 ENTERPRISE DR, SUFFOLK VA 23434","  PLANT CITY FL XDOCK, 2302 HENDERSON WAY, PLANT CITY FL. 335637904",2023-10-20
6273,900,  TAMPA FL 33637,N/A,2023-10-20
6271,1900,  DUNAVANT 10629 RED BLUFF RD,"  LIBERTY (PHOENIX, AZ) 4850 W. Jefferson St.",2023-10-20
6282,1400,"  Birdsong Nuts, 608 Main St, Colquitt, GA 39837","  Suffolk, VA 23434",2023-10-20
6301,1400,Williamsburg VA,Albany GA,2023-10-20
6312,1360,"  STANLEY BLACK & DECKER, CONCORD, NC 28027","  AMAZON ORF 2, CHESAPEAKE, VA 23320",2023-10-23
6321,1050,"  MACMILLAN PUBLISHERS, GORDONSVILLE VA 229428501","  CLT 2, CHARLOTTE NC 282148082",2023-10-23
6271,750,"  PREFORMED LINE PRODUCTS 1700 WOODHURST LN ALBEMARLE, NC 28001-5376","    Anixter 11400 Washington Hwy Docks 3-7 ASHLAND, VA 23005",2023-10-23
6272,850,Virginia Beach VA,Pineville NC,2023-10-23
6322,1000,"  484 Hicks Grove Road, MOORESBORO NC 28114","  11022 Lewis Town Rd, ASHLAND VA 23005",2023-10-23
6323,800,Williamsburg VA,Piedmont SC,2023-10-23
6279,2100,Greenfield Indiana,Chesapeake Virginia,2023-10-26
6279,2100,Add Detention for 31 hours,Check in 10/21 @ 6:30 PM,2023-10-21
6279,2100,,Empty 10/23 @ 2:00 AM,2023-10-23
6324,2000,"  7980 W. BUCKEYE RD. TOLLESON, AZ 85043","  10475 DEER TRAIL DRIVE HOUSTON, TX 77038",2023-10-26
6325,295,"  TOLLESON, AZ","  TOLLESON, AZ",2023-10-26
6324,1800,"  7980 W. BUCKEYE RD. TOLLESON, AZ 85043","  6855 BUSINESS PARK DRIVE HOUSTON, TX 77041",2023-10-26
6326,2000,"  359 Pike Court, Suite 500, La Porte, TX 77571","  6200 W. Duvall Mine Road, Green Valley, AZ 85622",2023-10-26
6326,1900,"  359 Pike Court, Suite 500, LA PORTE TX 77571","  6200 W. Duvall Mine Road, GREEN VALLEY AZ 85622",2023-10-26
6269,1400,  Epes Transport Warehouse HAMPTON VA 23661,  TRIGO-SCSI LAFAYETTE IN 49705,2023-10-26
6327,1400,"  6625 College Drive, Suffolk, VA US 23435","    460 Industrial Park Dr, Ferdinand, IN US 47532",2023-10-26
6328,1850,"  HOEHN PLASTICS INC, 11481 W 925 SOUTH, POSEYVILLE IN 47633","  CASCADES MOULDED PULP, 10026 OLD RIDGE RD, ASHLAND VA 23005",2023-10-26
6280,850, Chester VA,Alexandria VA,2023-10-26
6280,850,Chester VA,Alexandria VA,2023-10-26
6280,850,Chester VA,Alexandria VA,2023-10-26
6280,850,Chester VA,Alexandria VA,2023-10-26
6329,2700,"  Mitsubishi Logisnext Americas, 1810 Brittmore Road, HOUSTON, TX 77043","  Eaheart Industrial Service, In, 720 Industrial Avenue, BEDFORD, VA 24523",2023-10-26
6299,2200,Dill Ford 15 Dill Rd Suffolk VA 23434,Dollar Tree 1210 Hartledge Rd Rosenberg TX 77471,2023-10-26
6330,900,Gloucester VA,Sumter SC,2023-10-25
6279,500,Detention for 31 hours,Check in 10/21 @ 6:30 PM,2023-10-21
6279,500,,Empty 10/23 @ 2:00 AM,2023-10-23
6331,1000,"  3758 Kloeckner Rd, Gordonsville, VA 22942","  3240 US-15, Bishopville, SC 29010",2023-10-30
6269,1300,"  2501 60th St, HAMPTON VA 23661","    790 Commerce Pkwy W Dr, GREENWOOD IN 46143",2023-10-30
6332,1850,Indianapolis IN,Sutherland VA,2023-10-30
6269,1300,"  Epes Transport Warehouse, 2501 60th St, GREENWOOD IN 46143","  TA Services, 790 Commerce Pkwy W Dr, GREENWOOD IN 46143",2023-10-30
6297,800,Troutman NC,Hampton VA,2023-10-30
6298,900,Bennettsville SC,Sandston VA,2023-10-30
6280,850,Chester VA,Arlington VA,2023-11-05
6280,850,Chester VA,Alexandria VA,2023-11-05
6280,500,Chester VA,Disputanta VA,2023-11-05
6268,1800,"  Plainfield, IN","  Norfolk, VA",2023-11-05
6269,1300,  2501 60th St  HAMPTON VA,  790 Commerce Pkwy W Dr GREENWOOD IN,2023-11-05
6269,1300,  2501 60th St HAMPTON VA,  790 Commerce Pkwy W Dr GREENWOOD IN,2023-11-05
6333,2050,Plainfield IN,Chesapeake VA,2023-11-05
6280,895,Chester VA,Jessup MD,2023-11-05
6280,850,Chester VA,Alexandria VA,2023-11-05
6280,1,VOID,VOID,2023-11-06
6280,500, Chester VA,Disputanta VA,2023-11-06
6280,1000,Chester VA,Alexandria VA,2023-11-06
6280,850,Chester VA,Alexandria VA,2023-11-06
6280,800,"Chester, VA","Landover, MD",2023-11-06
6280,500,Chester VA,  Not provided in the text,2023-11-06
6280,850,"Chester, VA","Alexandria, VA",2023-11-06
6268,1200,Blacksburg NC,"  Mebane, NC",2023-11-10
6311,775,Charlotte NC,Chesterfield VA,2023-11-10
6334,900,"  Rutherfordton, NC 28139","    Disputanta, VA 23842",2023-11-10
6335,720,"  Chester, VA","  Charlotte, NC",2023-11-10
6272,825,"  201 Dexter St W, CHESAPEAKE VA 23324","  1201 EAST MOUNT OLIVE ROAD, COWPENS SC 29330",2023-11-10
6336,878,"  931 Dunluce Rd, KING WILLIAM VA 23086","  258 Snider Street, ELLOREE SC 29047",2023-11-10
6312,1328,Concord NC,Chesapeake VA,2023-11-10
6336,1900,"  2595 W. STATE ROAD 28, ALEXANDRIA IN 46001","  6500 Enterprise Dr #6500, DISPUTANTA VA 23842",2023-11-10
6269,1301,"  Epes Transport Warehouse, 2501 60th St, HAMPTON VA 23661","  TA Services, 790 Commerce Pkwy W Dr, GREENWOOD IN 46143",2023-11-10
6269,1300,"  Epes Transport Warehouse, 2501 60th St, GREENWOOD IN 46143","  TA Services, 790 Commerce Pkwy W Dr, GREENWOOD IN 46143",2023-11-10
6337,550,"  MARUCHAN VIRGINIA, 8101 WHITEPINE RD, Richmond, VA 23237","  FOOD LION DC 2 0, 6500 ENTERPRISE DRIVE, Disputanta, VA 23842",2023-11-10
6338,600,7795 POCAHONTAS TRAIL WILLIAMSBURG VA 23185 US,125 SEVEN OAKS DR LINWOOD NC 27299 US,2023-11-10
6273,1400,  1020 CENTERPOINT DR. SUFFOLK VA 23434,  8700 ROBERTS DR. #100 FISHERS IN 46037,2023-11-10
6335,1800,Indianapolis IN,Henrico VA,2023-11-10
6272,900,"  920 BLACK SATCHEL RD, CHARLOTTE NC 28216","  2000 Monticello Ave, NORFOLK VA 23517",2023-11-10
6311,825,Richmond VA,Spartanburg SC,2023-11-10
6339,3000,156 ND ST NORFOLK VA,6069 WALKER LN AFB FL,2023-11-11
6275,592, FLORENCE SC,PRINCE GEORGE VA,2023-11-11
6340,1250,Brewton AL,Florence SC,2023-11-11
6300,550,Jacksonville NC,Richmond VA,2023-11-11
6273,700,Williamsburg VA,Pollocksville NC,2023-11-11
6336,2045," 2595 W. STATE ROAD 28, ALEXANDRIA IN 46001"," 6500 Enterprise Dr #6500, DISPUTANTA VA 23842",2023-11-16
6272,1377," 2316 Steppingstone Square, CHESAPEAKE VA 23320"," 1021 N State Rd 47, CRAWFORDSVILLE IN 47933",2023-11-16
6327,1400," 6625 College Drive, Suffolk, VA US 23435"," 2130 Industrial Park Road, Ferdinand, IN US 47532",2023-11-16
6293,1820,Hopkinsville KY,Ashland VA,2023-11-16
6272,1000,Virginia Beach VA,Salisbury NC,2023-11-23
6272,1000,,,2023-11-23
6312,2500, 2626 INDIAN RIVER RD, 2000 NW US HIGHWAY 24,2023-11-23
6341,2000," Atkins Nutritionals, 6817 W 30 0 N, Greenfield, IN"," PORTSMOUTH BLVD, CHESAPEAKE, VA",2023-11-23
6342,2200, 30800 W 207th St EDGERTON KS 66021,WALMART 7016 10695 FREEDOM TRAIL GORDONSVILLE VA 22942,2023-11-23
6336,1895," 2595 W. STATE ROAD 28, ALEXANDRIA IN 46001"," 6500 Enterprise Dr #6500, DISPUTANTA VA 23842",2023-11-23
6344,1000, 34040 UNION CAMP DRIVE FRANKLIN VA 23851, 2495 Tremont Rd SAVANNAH GA 31405,2023-11-23
6297,600,"Summerville, SC","Rocky Point, NC",2023-11-23
6345,800," 2200 Mulberry Rd, Concord, NC US 28025"," 12015 North Lakeridge PKWY, Ashland, VA US 23005",2023-11-23
6346,800, Lexington NC,Williamsburg VA,2023-11-23
6347,750, INDEPENDENT BEV / FRM 816 LAWTON RD CHARLOTTE NC 28216, VIRGINIA BEACH BEVERAG 1400 AIR RAIL AVE. VIRGINIA BEACH VA 23455,2023-11-23
6348,700,NESTLE INTL PREMIUM WATERS 1537 AIR RAIL AVE VIRGINIA BEACH VA 23455,BOXED MEAT DAIRY WHS - GRB 5566 BURLINGTON ROAD MC LEANSVILLE NC 275301,2023-11-23
6324,1900," 7980 W. BUCKEYE RD. TOLLESON, AZ 85043"," 11325 CASH RD: STE 200 STAFFORD, TX 77477",2023-11-23
6349,1900," NCR - CEVA, 15370 B VICKERY DRIVE, HOUSTON TX 77032"," 1340 E JACKSON ST, PHOENIX AZ 85034",2023-11-23
6324,1800," 7980 W Buckeye Rd, Phoenix, AZ 85043"," 330 North Park Central Drive, Houston, TX 77073",2023-11-23
6276,2400," CUSTOM GOODS/BAYPORT SOUTH, 10591 RED BLUFF RD, PASADENA, TX - 77507-1073 USA"," SUN STREAMS 4 SOLAR FACILITY, 34322 W SALOME HWY, TONOPAH, AZ - 85354 USA",2023-11-23
6350,2800," Fort Worth, TX"," Miami, FL",2023-11-23
6351,650," 1625 Ashton park drive, Colonial Heights, VA 23834"," 290 East Mcintosh St, SANFORD, NC 27330",2023-11-23
6295,3300," 2280 Tanner Road, Rocky Mount, NC 27801"," 2701 W Rochelle, Dallas, TX 75261",2023-11-23
6352,900,"Rockledge, FL","Prince George, VA",2023-11-23
6269,1400,"Hampton, VA","Lafayette, IN",2023-11-23
6286,1900," Avery Dennison, 870 W. GREENFIELD, IN 198446, ANDERSON BLVD. 46140"," Fortis Solutions, 2505 Virginia Beach, VA",2023-11-23
6268,1730," Lebanon, IN"," Prince George, VA",2023-11-23
6269,1400,"Hampton, VA","Lafayette, IN",2023-11-23
6295,3300," 2280 Tanner Road, Rocky Mount, NC 27801"," 2701 W Rochelle, Dallas, TX 75261",2023-11-24
6297,2450,Garland TX,Virginia Beach VA,2023-11-24
6353,1950," 2595 WSTATE RD 28, ALEXANDRIA, IN 46001"," 6801 ALDI WAY, PETERSBURG, VA 23803",2023-12-02
6354,675,"Chester, VA","Alexandria, VA",2023-12-02
6273,1400, 1020 CENTERPOINT DR. SUFFOLK VA 23434, 8700 ROBERTS DR. #100 FISHERS IN 46037,2023-12-02
6355,1800," 5260 COMMERCE SQUARE DRIVE SUITE A, INDIANAPOLIS IN 46237"," 102 S WITCHDUCK RD, VIRGINIA BEACH VA 23452",2023-12-02
6269,1300, Hampton VA,Greenwood IN,2023-12-02
6356,1100,Colonial Heights VA,Buford GA,2023-12-02
6342,1100," 2800 SPROUSE DR, RICHMOND VA 23231"," 825 MAXHAM RD STE 400, LITHIASPRINGS GA 30122",2023-12-02
6357,1100," FAIRMOUNT, GA 30139"," RICHMOND, VA 23228",2023-12-02
6295,3300," 2280 Tanner Road, Rocky Mount, NC 27801"," 2701 W Rochelle, Dallas, TX 75261",2023-12-02
6272,2250," 2001 Midway Rd #200, LEWISVILLE TX 75056"," 112 The Vitamin Shoppe Way, ASHLAND VA 23005",2023-12-02
6269,1300," 2501 60th St, HAMPTON VA 23661"," 790 Commerce Pkwy W Dr, GREENWOOD IN 46143",2023-12-02
6336,2000," 300 HILTON DRIVE, JEFFERSONVILLE IN 47130"," 21500 COX RD, SUTHERLAND VA 23885",2023-12-02
6300,2100,Sumter SC,Dayton TX,2023-12-02
6273,2100," INEOS CALABRIAN, 5500 HWY 366, PORT NECHES TX 77651"," EASTERN MINERALS INC, US #1 BYPASS SOUTH, 170 Eastern Minerals Rd, HENDERSON NC 27536",2023-12-02
6358,1250,DALLAS NC," BLUE RIDGE INDUSTRIES - WINCHESTER, VA",2023-12-02
6307,750," 55410 WEAKLEY RD, PETERSBURG, VA, 23803"," 391 STANDING SPRINGS CT #4, SIMPSONVILLE, SC, 29680",2023-12-02
6356,1000," CLEARWATER PAPER CORPORATION - SHELBY DISTRIBUTION CENTER, 105 CUSTOMER FIRST DRIVE, SHELBY, NC US 28150"," LIDL US LLC-FREDERICKSBURG,VA, 6120 SMITH STATION RD, FREDERICKSBURG, VA US 22407",2023-12-02
6272,900,RPM GROUP CHESAPEAKE VA,AMP LOGISTICS SUFFOLK VA,2023-12-02
6273,1900," 200 0 S Jackson St, GREENCASTLE IN 46135"," 1595 MARY ST, SANDSTON VA 23150",2023-12-08
6298,750," LANXESS CORPORATION 3700 VILLAGE AVE NORFOLK, VA 23502"," PAVESTONE CHARLOTTE 1101 WESTINGHOUSE BLVD CHARLOTTE, NC 28273",2023-12-08
6304,1000," CET COLOR, 4450 Commerce Dr SW Frnt, Atlanta, GA 30336-1965",Virginia Abrasives 285 Service Rd Petersburg VA,2023-12-08
6285,650," Houston, TX 77054-3703",LEWISVILLE TX 75056,2023-12-08
6271,1075," New Realm 1209 Craft Ln, VIRGINIA BCH, VA 23454"," United Distributing - Smyrna 5500 United Drive, SMYRNA, GA 30082",2023-12-08
6325,1200,DULUTH GA,FREDERICKSBURG VA,2023-12-08
6359,1800," Katoen Natie, 10925 SH 225, La Porte, TX 77571"," IACNA MEXICO V S DE RL DE CV, 1590 W. CALLE PLATA UNIT A, NOGALES, AZ 85621",2023-12-08
6360,700," 4117 Pinnacle Point Drive, Dallas, TX 75211"," 250 CENTURY PLAZA DR, HOUSTON, TX 77073",2023-12-08
6361,750," Mercury Paper, 255 Fort Collier Rd, Winchester, VA 22603"," Charlotte, NC 282734704",2023-12-08
6311,700, RMR-RICHMOND 7400 IMPALA DR HENRICO VA, CTGROCKINGHAM 805 MIDWAY RD ROCKINGHAM NC,2023-12-08
6334,850," Wytheville, VA 24382"," Winchester, VA 22602",2023-12-08
6272,850, 920 BLACK SATCHEL RD CHARLOTTE NC 28216, 2000 Monticello Ave NORFOLK VA 23517,2023-12-08
6268,1800," Tolleson, AZ"," Houston, TX",2023-12-08
6269,1300, HAMPTON VA,GREENWOOD IN,2023-12-08
6269,1300, HAMPTON VA,GREENWOOD IN,2023-12-08
6362,1900, Clayton IN,Ashland VA,2023-12-08
6304,1200," Williamsburg, VA","Shannon, GA",2023-12-08
6268,500," Tolleson, AZ"," Mesa, AZ",2023-12-15
6325,600,Tucson AZ," LITCHFIELD PARK, AZ",2023-12-15
6279,1901,Columbus IN,Petersburg VA,2023-12-15
6269,1300, Hampton VA,Greenwood IN,2023-12-15
6295,3300," 2280 Tanner Road, Rocky Mount, NC 27801"," 2701 W Rochelle, Dallas, TX 75261",2023-12-15
6272,2350,TERRELL TX,NEWPORT NEWS VA,2023-12-15
6340,700, 5801 TECHNOLOGY BLVD SANDSTON VA 23150, 3701 WWENDOVER AVE GREENSBORO NC 27495,2023-12-19
6363,750," 11701 GOODRICH DRIVE, CHARLOTTE NC 28273"," 8050 Quality Drive, PRINCE GEORGE VA 23875",2023-12-19
6313,800," 2620 INDIAN RIVER ROAD # 5 C, CHESAPEAKE, VA 23325"," 4500 CORPORATE DRIVE NW, CONCORD, NC 28027",2023-12-19
6268,1000," Henrico, VA"," Buford, GA",2023-12-19
6364,1350,"2001 Antioch Road Dalton, GA 30721"," 5892 Curlew Drive, Norfolk, VA, 23502",2023-12-19
6365,1100," Williamsburg, VA","Shannon, GA",2023-12-19
6348,1175," COREGISTICS ACWORTH - AT 6, 1039 Northpoint Parkway Southeast, Acworth,GA 30102,USA"," US PL KING WILLIAM NPPC CHESTER, 1305 West Hundred Road, Chester,VA 23836,USA",2023-12-19
6366,1050," 10117 Leadbetter Place, ASHLAND VA 23005"," 200 NEWTON BRIDGE ROAD, ATHENS GA 30607",2023-12-19
6367,1100," Rinnai, 500 The Lakes Parkway, Griffin, GA 30224"," WSS Richmond, 6750 Hardware Dr, Prince George, VA 23875",2023-12-19
6368,1100," Georgia Plant GX Calhoun Main Phone: 999-999-9999
201 Enterprise Dr
Calhoun, GA 30701"," MAPEI CORP:V 1  FREDBRG. - PRIMAR Main Phone: 999-999-9999
300 NELMS CIRCLE
Fredericksburg, VA 22406",2023-12-19
6342,1090.64," 2800 SPROUSE DR, RICHMOND, VA 23231"," 825 MAXHAM RD STE 400, LITHIASPRINGS, GA 30122",2023-12-19
6273,1000," 11800 Lewis Rd, CHESTER VA 23831",1800 Sarasota Business Pkwy Conyers GA,2023-12-19
6272,850,Charlotte NC,Norfolk VA,2023-12-19
6369,700, Charlotte NC,Richmond VA,2023-12-19
6268,1000," Windsor, VA"," Atlanta, GA",2023-12-26
6304,1050," Lithia Springs, GA 30122"," PRINCE GEORGE, VA 23875",2023-12-26
6370,1150," 2521 Ashland, VA 23005"," 14187 INDUSTRIAL PARK BLVD NE Covington, GA 30209",2023-12-26
6278,1150," BMBCC WILLIAMSBURG, 8935 POCAHOTAS TRAIL, Williamsburg, VA US 23185"," SHANNON GEORGIA WHSE-C/O WEST LOGISTICS, 212 BURLINGTON Rd NE, Shannon, GA US 30172",2023-12-21
6273,1150,WILLIAMSBURG VA, SHANNON GA,2023-12-17
6312,800," ROCK HILL, SC 29730"," MOUNT CRAWFORD, VA 22841",2023-12-22
6334,2201," Evansville, IN 47725"," Halifax, NC 27839",2023-12-13
6269,1400, 2501 60th St HAMPTON VA 23661, 1520 Kepner Dr LAFAYETTE IN 47905,2023-12-14
6295,2120," 15849 S US HWY 231, Remington, IN 47977","Cal Cartage 375 Kenyon Rd Suffolk, VA 23434",2023-12-18
6327,1400," RoadOne Suffolk SHPR, 6625 College Drive, Suffolk, VA US 23435"," Masterbrand Ferdinand 2130, 2130 Industrial Park Road, Ferdinand, IN US 47532",2023-12-26
6269,1400,Hampton VA,Lafayette IN,2023-12-19
6301,1650,Monticello IN,Lyndhurst VA,2023-12-26
6336,1325," Shaw Industries - Plant 34, 2456 Yeager Dr SW, DALTON GA 30720"," Dominion Contract, 7400 Central Business Park Dr, NORFOLK VA 23513",2023-12-26
6371,750," 810 FORD DRIVE NORFOLK, VA 23513"," 178 AVGOL DRIVE - MOCKSVILLE, NC 27028",2023-12-26
6272,850," 920 BLACK SATCHEL RD, CHARLOTTE NC 28216"," 2000 MONTICELLO AVE, Norfolk VA 23517",2023-12-26
6372,800," 1537 AIR RAIL AVE, VIRGINIA BEACH VA 23455"," 543 12TH STREET DR NW, HICKORY NC 28601",2023-12-19
6335,800,"4901 CHESAPEAKE DR, charlotte, NC 28216","1400 DIGITAL DR, Chester, VA 23836",2023-12-26
6334,1100," Anderson, SC 29626"," Prince George, VA 23875",2023-12-26
6348,850," 1537 AIR RAIL AVE, Virginia Beach,VA 23455,UNITED STATES"," 5566 Burlington Road, Mc Leansville,NC 27301,USA",2023-12-18
6325,1900,Phoenix AZ,Houston TX,2023-12-06
6373,1850,Brookshire TX,Chandler AZ,2023-12-06
6297,1300,Mcdonough GA,Sutherland VA,2023-12-22
6297,1300,Mcdonough,Sutherland VA,2024-01-02
6374,1400," QAE (2195 Industrial South Road) Dalton, GA 30721"," QTS (6000 Technology Blvd. ) Sandston, VA 23150",2024-01-02
6278,1150," BMBCC WILLIAMSBURG, Williamsburg, VA"," SHANNON GEORGIA WHSE-C/O WEST LOGISTICS, Shannon, GA",2024-01-02
6272,1350,Dalton GA,Chesapeake VA,2024-01-02
6301,1100," 8935 POCAHOTAS TRAIL, Williamsburg, VA 23185"," 110 BALL DR NE, Rome, GA 30161",2024-01-02
6278,1150," BMBCC WILLIAMSBURG, 8935 POCAHOTAS TRAIL, Williamsburg, VA"," BCLLC ROME, 110 BALL DRIVE, Rome, GA",2023-12-26
6273,850," 7795 POCAHONTAS TRAIL, WILLIAMSBURG VA 23185"," 145 JACOB HOLM WAY, CANDLER NC 28715",2023-12-28
6375,1200," 105 Andrew Way, VILLA RICA GA 30180"," 2540 Charles City Rd, RICHMOND VA 23231",2024-01-02
6328,700," TIDEWATER FIBRE CORP, 1958 DIAMOND HILL RD, CHESAPEAKE VA 23324"," 606 WALTERS ST, REIDSVILLE NC 27320",2023-12-29
6278,1150," BMBCC WILLIAMSBURG, Williamsburg, VA"," SHANNON GEORGIA WHSE-C/O WEST LOGISTICS, Shannon, GA",2023-12-26
6297,2000, Lynchburg VA,Orlando FL,2023-12-22
6371,750," 810 FORD DRIVE NORFOLK, VA 23513"," 178 AVGOL DRIVE MOCKSVILLE, NC 27028",2023-12-27
6313,850,Charlotte NC,Virginia Beach VA,2023-12-28
6272,1100," 100 Royal Way, TEMPLE GA 30179"," 2511 BRITTONS HILL ROAD, RICHMOND VA 23230",2023-12-20
6376,1200," 3 M TECH CERAMICS - 510 MIDWAY CIR, MIDWAY, TN 37809"," HAMPTON CASTING - 720 GREENLAWN Ses, HAMPTON, VA 23681",2024-01-05
6301,1200,Williamsburg VA,Shannon GA,2024-01-05
6272,1100, 3201 N Bypass DALTON GA 30721, 900 McDonough St RICHMOND VA 23224,2024-01-05
6334,900," Rutherfordton, NC 28139"," Disputanta, VA 23842",2024-01-05
6313,900," 816 LAWTON RD, CHARLOTTE, NC 28216"," 1400 AIR RAIL AVE, VIRGINIA BEACH, VA 23455",2024-01-05
6268,1875, Kennesaw GA,Disputanta VA,2024-01-05
6371,750," 810 FORD ORIVE NORFOLK, VA 23513"," 178 AVGOL DRIVE MOCKSVILLE, NC 27028",2024-01-05
6334,875," Pineville, NC 28134"," Petersburg, VA 23803",2024-01-05
6377,2450," 13800 NORTH FWY, HOUSTON TX 77090"," 800 TIDEWATER DRIVE, NORFOLK VA 23504",2024-01-05
6378,830,Lancaster TX,Rosenberg TX,2024-01-02
6379,2200,1703 Ruffin Mill Rd Colonial Height VA 23834,6425 Campus Circle Drive West Irving TX 75063,2023-12-29
6300,700,Chester VA,Mount Crawford VA,2024-01-05
6275,1055,Capital Heights MD,Norfolk VA,2024-01-02
6268,750," Virginia Beach, VA"," Lynchburg, VA",2024-01-03
6324,700," Niagara RCH, 1700 Digital Dr, Chester VA 23836"," Costco 225, 10701 Sudley Manor Drive, Manassas VA 20109",2024-01-01
6380,1800," 2800 SPROUSE DR, RICHMOND, VA 23231"," 825 MAXHAM RD STE 400, LITHIA SPRINGS, GA 30122",2023-12-31
6326,1225,Calhoun GA,Richmond VA,2024-01-04
6268,1100," Adairsville, GA"," Amelia Court House, VA",2024-01-09
6278,1150," BMBCC WILLIAMSBURG, 8935 POCAHOTAS TRAIL, Williamsburg, VA US 23185"," SHANNON GEORGIA WHSE-C/O WEST LOGISTICS, 212 BURLINGTON Rd NE, Shannon, GA US 30172",2024-01-05
6381,700," 13101 N. Enon Church Road, CHESTER VA 23836"," 145 Factory Street, RONDA NC 28670",2024-01-11
6333,900," 199 N Edgerton Road, HENDERSONVILLENC 28792"," 6801 Aldi Way, PETERSBURG VA 23803",2024-01-12
6353,1462," 28990 GEORGIA HIGHWAY 3, Ochlocknee, GA 31773"," 21500 COX ROAD, Sutherland, VA 23885",2024-01-11
6371,750, Norfolk VA,Mocksville NC,2024-01-05
6382,1000," SADDLE CREEK LOGISTICS TROUTMAN, NC"," FOOD LION-GROCERY-DC 20 DISPUTANTA, VA",2024-01-09
6278,1150," BMBCC WILLIAMSBURG, 8935 POCAHOTAS TRAIL, Williamsburg, VA US 23185"," SHANNON GEORGIA WHSE-C/O WEST LOGISTICS, 212 BURLINGTON Rd NE, Shannon, GA US 30172",2024-01-07
6320,1097.5,"WINCHESTER, VA 22603"," PETERSBURG, VA 23803",2024-01-05
6383,450," 48 FORTY SOLUTIONS, 3707 NINE MILE ROAD, RICHMOND, VIRGINIA 23223"," TR OLINDL OGY CLAY, CHESTER, VIRGINIA 23836",2024-01-05
6375,1250," 105 Andrew Way, VILLA RICA GA 30180"," 11400 Washington Hwy, ASHLAND VA 23005",2024-01-09
6320,500," WOODLAND RD, STERLING, VA 20166-9223"," WEST POINT, VA 23181",2024-01-10
6348,800," Newport News,VA"," Danville, VA",2024-01-11
6348,800,"Newport News, VA","Danville, VA",2024-01-11
6364,1240,"8101 White Pine Road Richmond, VA 23237"," 5300-D Fulton Industrial Boulevard, Atlanta, GA, 30336",2024-01-09
6384,327,"1700 DIGITAL DRIVE CHESTER, VA 23836"," 6500 ENTERPRISE DRIVE DISPUTANTA, VA 23842",2024-01-12
6371,750," Norfolk, VA","Mocksville, NC",2024-01-11
6354,1200, Norfolk VA, FORT OGLETHORP GA,2024-01-05
6319,1100,Knoxville TN,Richmond VA,2024-01-08
6371,750," 810 FORD DRIVE NORFOLK, VA 23513"," 178 AVGOL DRIVE MOCKSVILLE, NC 27028",2024-01-17
6385,1000,Lafayette IN,Harrisonburg VA,2024-01-16
6275,350," Chester, VA","Midlothian, VA",2024-01-14
6275,750,"Williamsburg, VA","Linwood, NC",2024-01-15
6386,800," 2405 Sam Wilson Rd, Charlotte, NC 28214"," 2804 Decatur St, BLDG # 32, Richmond, VA 23224",2024-01-12
6269,1400,Hampton VA,Lafayette IN,2024-01-15
6387,1100, NEWNAN GA 30263, RICHMOND VA 23230,2024-01-20
6275,800,Williamsburg VA,Greensboro NC,2024-01-19
6388,650," FOOD LION - Salisbury, 2085 Harrison Rd, Salisbury, NC US 28147"," PECO PALLET, 2913 TRANSPORT RD, Richmond, VA US 23234",2024-01-19
6275,850, Mooresville NC, Disputanta VA,2024-01-18
6279,1102,Richmond VA,"College Park, GA",2024-01-15
6315,700," 2900 SPROUSE DR, HENRICO, VA 23231"," 1911 CONTINENTAL BLVD, CHARLOTTE, NC 28273",2024-01-17
6278,1150,Williamsburg VA,Rome GA,2024-01-18
6389,2000," 1250 SOUTH 300 WEST, WASHINGTON IN 47501"," 32126 General Thomas Hwy, Franklin VA 23851",2024-01-16
6269,1300," 2501 60th St, HAMPTON VA 23661"," 790 Commerce Pkwy W Dr, GREENWOOD IN 46143",2024-01-15
6310,900, SV WAREHOUSING SERVICES LLC-HAMPTON, MERITOR FLETCHER WAREHOUSE,2024-01-17
6380,1000,"Cheraw, SC","Belcamp, MD",2024-01-19
6304,950," Shelby, NC 28150"," MECHANICSVILLE, VA 23116-2008",2024-01-18
6304,700," CHESTER, VA 23836-2846"," DUNN, NC 28334",2024-01-20
6274,1050," 2388 Monroe Dr, Gainesville, GA 30507"," 1201 Progress Road, Suffolk, VA 23434",2024-01-16
6390,1000,"Greenville, SC","Prince George, VA",2024-01-18
6354,800, PU 1 Chester VA 23836,S02 Capitol Heights MD 20743,2024-01-18
6391,920,"Ball Metal Beverage Packing - 152 8935 Pocahontas Trail Williamsburg, VA 23185","Mills River Brewery 515 Ferncliff Park Dr Fletcher, NC 28732",2024-01-17
6342,1000," 2800 SPROUSE DR, RICHMOND, VA 23231"," 825 MAXHAM RD STE 400, LITHIASPRINGS, GA 30122",2024-01-15
6391,600,"8935 Pocahontas Trail Williamsburg, VA 23835","443 South Oak Lane Lyndhurst, VA 22952",2024-01-21
6392,775,"BALTIMORE, MD","LINTHICUM HEIGHTS, MD",2024-01-20
6273,800," 3050 ELMHURST LN, PORTSMOUTH VA 23701"," 2940 ARROWHEAD RD, DUNN NC 28334",2024-01-19
6279,2900,"Sylvamo 250'1 165th St Hammond,lN 46320","5045 Portsmouth Blvd chesapeake,no,VA 23321",2024-01-22
6279,800,"Albaad Usa lnc 129 Technology Dr South Reidsville,NC 27320","Target Dc 550 423 Mount Vernon Rd Stuarts Draft,VA 24477",2024-01-12
6371,750," 810 FORD DRIVE NORFOLK, VA 23513"," 178 AVGOL DRIVE — MOCKSVILLE, NC 27028",2024-01-26
6393,1150, 4441 Carolina Ave RICHMOND VA 23222, 5605 Gwaltney Drive ATLANTA GA 30336,2024-01-24
6353,1000," AMAZON - ORF 2, 5045 PORTSMOUTH BLVD, Chesapeake, VA 23321"," CAPITAL TRADING, 117 LITTLE JOHN STREET, Spartanburg, SC 29301",2024-01-20
6275,300,"Niagara Bottling LLC, 1700 DIGITAL DR ORG CODE - RCH CHESTER, VA 23836","Food Lion, 6500 Enterprise Dr Disputanta, VA 23842",2024-01-24
6390,1000," Sauer Brands - South Park, 39 South Park Drive, Greenville, SC 29607"," Walmart DC# 6023 - Sutherland, 21504 Cox Road, Sutherland, VA 23885",2024-01-23
6278,1150,Williamsburg VA,Shannon GA,2024-01-22
6278,1150," BMBCC WILLIAMSBURG, 8935 POCAHOTAS TRAIL, Williamsburg, VA US 23185"," SHANNON GEORGIA WHSE-C/O WEST LOGISTICS, 212 BURLINGTON Rd NE, Shannon, GA US 30172",2024-01-24
6319,850,Williamsburg VA,Winston Salem NC,2024-01-27
6336,1300," M&S Logistics, Inc. 200 Marine Dr, CALHOUN GA 30701"," INTERIOR LOGIC GROUP 4720 Eubank Rd, HENRICO VA 23231",2024-01-24
6320,1100,Chesapeake VA,Cleveland GA,2024-01-22
6372,1100, 100 BUSCH DR NE CARTERSVILLE GA 30121, 7795 POCAHONTAS TRAIL WILLIAMSBURG VA 23185,2024-01-23
6269,1300," 3100 Elmhurst Lane, Portsmouth VA 23701"," 849 Whitaker RD, Plainfield IN 46168",2024-01-25
6268,150," Atlanta, GA"," Norfolk, VA",2024-01-23
6325,150, Chester VA," DUNN, NC",2024-01-26
6308,1875," TYSON FOODS INC 2, 543 1 2 TH STREET, HICKORY NC 28601"," 330 GREENS LANDING, HOUSTON TX 77038",2024-01-27
6329,1358.75," 5820 Trade Center Court, Villa Rica, GA 30180"," 5045 Portsmouth Blvd, Chesapeake, VA 23321",2024-01-10
6394,2100," WILSON WAREHOUSE, 5055 S MARTIN LUTHER KING PARKWAY, BEAUMONT, TX 77701",Danville VA,2024-01-23
6395,875," 920 Black Satchel Rd, CHARLOTTE NC 28216"," 2000 Monticello Ave, NORFOLK VA 23517",2024-01-25
6396,880," COCA COLA BOTTLING CO, 920 BLACK SATCHEL RD, CHARLOTTE,NC 28216"," COCA COLA, 2000 MONTICELLO AVE, NORFOLK,VA 23517",2024-01-17
6397,0,"Whites Nursery 3133 Old Mill Road Chesapeake, VA, 23323","CC Racks - GA 8220 Troon Circle Suite 100 Austell, GA, 30168",2024-01-27
6398,2050," 3660 MOREHEAD AVE RIDGEWAY, VA 24148"," 5135 S EASTSIDE HWY ELKTON, VA 22827",2024-01-22
6399,1000,Prince George VA,Douglasville GA,2024-01-22
6374,1566.25," QAE (930 South Hamilton St. ) Dalton, GA 30720"," QTS (12445 Innovation Dr. ) Ruther Glen, VA 22546",2024-01-19
6304,1150," Carrollton, GA 30117"," Sandston, VA 23150-2405",2024-01-23
6269,1300," 2501 60th St, HAMPTON VA 23661"," 790 Commerce Pkwy W Dr, GREENWOOD IN 46143",2024-01-24
6400,2000," Clayton, IN 46118"," SUTHERLAND, VA 23885",2024-01-25
6278,250," BMBCC WILLIAMSBURG, 8935 POCAHOTAS TRAIL, Williamsburg, VA US 23185"," SHANNON GEORGIA WHSE-C/O WEST LOGISTICS, 212 BURLINGTON Rd NE, Shannon, GA US 30172",2024-01-31
6395,875," 920 Black Satchel Rd, CHARLOTTE NC 28216"," 2000 Monticello Ave, NORFOLK VA 23517",2024-01-29
6401,950," 441 MASTERS BLVD, ANDERSON SC 29626"," 901 WALMART WAY, MIDLOTHIAN VA 23113",2024-01-27
6273,803,Williamsburg VA,Candler NC,2024-01-26
6383,2041," Origin Harrison Steel Castings Co, INDIANA 47918"," Liebherr Mining, NEWPORT NEWS VIRGINIA 23607",2024-01-30
6272,1800,Chesapeake VA,Crawfordsville IN,2024-01-29
6392,850," ExxonMobil Chemical Company Plant Code USDT (Norfolk, VA)"," Pax Industries (WHSE) (Charlotte, NC)",2024-01-30
6390,1000,Greenville SC,Sutherland VA,2024-01-31
6275,875,SC,VA,2024-02-05
6336,1300,GA,VA,2024-02-05
6310,900," HAMPTON, VA 23661"," FLETCHER, NC 28732",2024-02-05
6310,900," SV WAREHOUSING SERVICES LLC-HAMPTON, 2100 5 6 TH ST, HAMPTON, VA 23661"," MERITOR FLETCHER WAREHOUSE, 175 MILLS GAP RD. SUITE 450, FLETCHER, NC 28732",2024-02-05
6275,1100," Welspun, 5391 Virginia Regional Dr SUFFOLK, VA 23434"," ATLANTA DRY, 4250 S FULTON PARKWAY COLLEGE PARK, GA 30349",2024-02-05
6402,1000," WHEEL PROS #1088, 3020 GRAVEL SPRINGS RD, BUFORD GA 30519"," WHEEL PROS #1030, 4283 CAROLINA AVENUE, RICHMOND VA 23222",2024-02-05
6271,600," LYNCHBURG, VA"," SUTHERLAND, VA",2024-02-05
6297,150,"Austin, IN","Ruther Glen, VA",2024-02-05
6303,1300,"Calhoun, GA","Newport News, VA",2024-02-05
6272,1000," 17200 Warwick Blvd, NEWPORT NEWS VA 23603"," 213 Commerce Blvd, ANDERSON SC 29625",2024-02-11
6401,950," 441 MASTERS BLVD, ANDERSON SC 29626"," 901 WALMART WAY, MIDLOTHIAN VA 23113",2024-02-08
6315,1350," 1274 Industrial Blvd, Jasper, TN 37347"," 185 Johnson Dr, Stuarts Draft, VA 24477",2024-02-06
6272,1400, World Distribution Services Virginia Bea, Sysco Indianapolis - Food Distributor &,2024-02-01
6334,1600, Whitestown IN,Durham NC,2024-02-04
6304,800," Durham, NC 27704-9429"," White, GA 30184-2604",2024-02-05
6269,1300, Hampton VA,Greenwood IN,2024-02-07
6403,967.5, 2610 CLARK WEST RD FAYETTEVILLE NC, 9300 SLIDING HILL RD ASHLAND VA 23005,2024-01-31
6404,2000, 4268 W 30 0 N GREENFIELD IN 46140, 80 0 E MAIN ST SANFORD NC 27332,2024-01-30
6269,1300," 2501 60th St, HAMPTON VA 23661"," 790 Commerce Pkwy W Dr, GREENWOOD IN 46143",2024-01-29
6335,1400, Henrico VA,Whitestown IN,2024-01-31
6405,1900, 1320 E MAIN ST VERSAILLES OH 45380, 4120 CONSULATE PLAZA DR SUITE 150 HOUSTON TX 77032,2024-02-02
6406,2500, Houston TX,Williamsburg VA,2024-02-05
6269,1300, 2501 60th St HAMPTON VA, 790 Commerce Pkwy W Dr GREENWOOD IN,2024-02-07
6334,1900," Alexandria, IN 46001"," Disputanta, VA 23842",2024-02-08
6395,875," 920 Black Satchel Rd, CHARLOTTE NC 28216"," 2000 Monticello Ave, NORFOLK VA 23517",2024-02-01
6354,1250, PU NORFOLK VA 23513, SO 2  CONYERS GA 30012,2024-02-05
6407,1100,Villa Rica GA,Richmond VA,2024-02-06
6383,675, PREMIER TECH GROWERS AND MATTAPONI VIRGINIA 23110, COUNTRY CORNER FARMS VIRGINIA 24012,2024-02-07
6272,800," 316 Gator Lane, WYTHEVILLE VA 24382"," 1194 Pine Ridge Road, NORFOLK VA 23502",2024-02-08
6408,150,Not provided, Not provided,2024-02-11
6390,1150," 39 South Park Drive, Greenville, SC 29607"," LIDL/ RDC - Fredericksburg, VA 22407",2024-02-08
6272,1000,NFI Cal cartage 3516 S l/ilitary HwY CHESAPEAKE VA 23323,AMP LOGISTICS 1 15 DILL RD SUFFOLK VA,2024-02-07
6367,1200," CJ Logistics, 220 Greenwood Ct, McDonough, GA 30253",Mechanicsville VA,2024-02-06
6300,1200,Franklin VA,College Park GA,2024-02-05
6409,1000," 315 Pendleton Rd Greenville, SC 29611","Trex(Winchester PolY Receiving Cente0 351 Apple Valley Road Winchester, VA 22605",2024-02-02
6410,1000," 12321 Randolph Ridge Lane, MANASSAS VA 20109"," 126 1st St, CORDOVA NC 28330",2024-02-05
6411,775," 1378 South Hampton Pkwy, Emporia, VA 23847"," 500 Chamandy Dr, Salisbury, NC 28146",2024-02-01
6381,850,COMPANY BOX WESTINGHOUSE 5024 WESTINGHOUSE RD CHARLOTTE NC 28273,Virginia Beach VA,2024-02-06
6274,2000," Crown Cork & Seal, 400 N Walnut St, Crawfordsville, IN 47933"," Crown Cork & Seal Co, 1305 Progress Rd, Suffolk, VA 23434",2024-02-12
6412,1600," FLEX FILMS INC. Shipper References:200 COLLEGE STREET RDELIZABETHTOWN, KY US 42701"," DUPONT TEIN FILMS5200 DuPont Site RoadRichmond, VA US 23234",2024-02-09
6275,400, Chester VA, Petersburg VA,2024-02-11
6271,475," Butler paper, 137 Sachs Ave, FRANKLIN, VA 23851"," Cascade, 10026 Old Ridge Rd, ASHLAND, VA 23005",2024-02-09
6391,507,Chester VA,Rocky Mount NC,2024-02-10
6333,650, WINCHESTER VA, PRINCE GEORGE VA,2024-02-17
6414,700," Lawrenceville, VA"," Mount Crawford, VA",2024-02-16
6354,1890, INDIANAPOLIS IN, DISPUTANTA VA,2024-02-15
6269,1300," Greenwood, IN"," Henderson, NC",2024-02-14
6268,650," Gastonia, NC"," Richmond, VA",2024-02-12
6284,800," 11720 NORTH LAKERIDGE, ASHLAND VA 23005"," 9015 AIRPARK WEST DRIVE, CHARLOTTE NC 28214",2024-02-12
6275,725,Chester VA,Salem VA,2024-02-16
6415,950, TAYLORS SC, CHESTER VA,2024-02-14
6272,1000," Newport News, VA"," Anderson, SC",2024-02-13
6396,850," ROANOKE, VA"," NORFOLK, VA",2024-02-12
6273,1000, Shannon GA, Daleville VA,2024-02-11
6273,1200, WILLIAMSBURG VA,SHANNON GA,2024-02-08
6272,800, CHESAPEAKE VA, COWPENS SC,2024-02-19
6395,875," Charlotte, NC"," Norfolk, VA",2024-02-09
6381,725,Chester VA, Ronda NC,2024-02-09
6334,950," Kings Mountain, NC"," Prince George, VA",2024-02-13
6416,1150, LAGRANGE GA, KING WILLIAM VA,2024-02-14
6359,1000,Durham NC,"Columbus, GA",2024-02-13
6417,1100, Dalton GA,Williamsburg VA,2024-02-13
6418,1400, Chesapeake VA, Gainesville GA,2024-02-14
6273,1200, WILLIAMSBURG VA,Adairsville GA,2024-02-19
6419,950, GREENVILLE SC, PRINCE GEORGE VA,2024-02-15
6321,750,Charlotte NC,Sutherland VA,2024-02-15
6272,1150, Paper Recovery of Georgia - Dalton Dalton GA, Cascades Bear Island Ashland VA,2024-02-14
6286,1200," Williamsburg, VA"," Adairsville, GA",2024-02-13
6273,150, Williamsburg VA,TONU,2024-02-12
6410,700, Richmond VA,Cordova NC,2024-02-14
6273,1200, WILLIAMSBURG VA,ADAIRSVILLE GA,2024-02-15
6420,1000," 3240 Brittain Dr, NEWBERRY SC 29108"," 2305 BELLS RD GATE H, RICHMOND VA 23234",2024-02-20
6407,1100, Villa Rica GA,Richmond VA,2024-02-16
6421,850," PETERSBURG, VA"," HONEA PATH, SC",2024-02-22
6284,795," 11720 NORTH LAKERIDGE, ASHLAND VA 23005"," 9015 AIRPARK WEST DRIVE, CHARLOTTE NC 28214",2024-02-19
6334,250," Williamsburg, VA"," Charlotte, NC",2024-02-19
6286,1200," WILLIAMSBURG, VA"," SHANNON, GA",2024-02-15
6268,1300," Fort Payne, AL"," Chesapeake, VA",2024-02-22
6388,600, Richmond VA,Ridgeway VA,2024-02-22
6401,950, Anderson SC,Chesapeake VA,2024-02-17
6410,700, RICHMOND VA, CORDOVA NC,2024-02-21
6422,750," WILLIAMSBURG, VA"," CONCORD, NC",2024-02-26
6304,800,"Welcome, NC","Fredericksburg, VA",2024-02-20
6272,700, Carolina Container - Laurinburg, Carolina Container - VA Beach,2024-02-22
6320,1050," OILVILLE, VA"," PENDERGRASS, GA",2024-02-16
6423,2000, Plainfield IN,Chesapeake VA,2024-02-21
6424,1100, JEFFERSON GA, FREDERICKSBURG VA,2024-02-19
6269,1375,Portsmouth VA,Plainfield IN,2024-02-20
6269,1400," Epes Transport Warehouse, Hampton VA"," TRIGO-SCSI, Lafayette, IN",2024-02-22
6336,940," Refresco, Greer, SC"," Food Lion - Disputanta PDC, Disputanta, VA",2024-02-26
6419,1000," 39 SOUTH PARK DRIVE, GREENVILLE SC 29607", Disputanta VA,2024-02-22
6425,1000," RICHMOND P&DC USPS (AKA LOG RICHMOND) - 5801 TECHNOLOGY BLVD SANDSTON, VA 23150"," GREENVILLE P&DC. SC - 4605 DAIRY DRIVE GREENVILLE, SC 29607",2024-02-26
6284,795," 11720 NORTH LAKERIDGE, ASHLAND VA 23005"," 9015 AIRPARK WEST DRIVE, CHARLOTTE NC 28214",2024-02-26
6336,1700, SANDSTON VA, WEST PLAINS MO,2024-02-19
6279,900,OXFORD NC,GRIFFIN GA,2024-02-22
6279,2149,WILLOW SPRINGS MISSOURI,GARYSBURG NORTH CAROLINA,2024-02-20
6279,1600,Reynolds IN,Petersburg VA,2024-02-23
6269,1400,Hampton VA,Lafayette IN,2024-02-21
6426,1800,Alexandria IN,Disputanta VA,2024-02-23
6427,0," Atlanta, GA"," Disputanta, VA",2024-02-29
6271,900,Marion VA,Purcellville VA,2024-02-26
6307,670,Chester VA,Salem VA,2024-02-26
6286,1100," Northwest, VA"," Fairburn, GA",2024-02-28
6428,1100," McDonough, GA"," Richmond, VA",2024-02-29
6273,1050, WILLIAMSBURG VA,Adairsville GA,2024-02-28
6335,1750," Indianapolis, IN"," Chester, VA",2024-02-26
6269,1300,Hampton VA,Greenwood IN,2024-02-26
6412,954," Commerce, GA"," Prince George, VA",2024-02-23
6269,1300, Portsmouth VA,Plainfield IN,2024-02-26
6273,1350, Suffolk VA,Fishers IN,2024-02-28
6299,1800, Terre Haute IN, Chester VA,2024-02-26
6300,700,NC,GA,2024-02-22
6355,1100, Calhoun GA,Chester VA,2024-03-06
6273,1025, WILLIAMSBURG VA, SHANNON GA,2024-03-05
6268,900,VA,VA,2024-03-04
6272,850," POWER DISTRIBUTION INC., RICHMOND VA"," PCX CORP, KNIGHTDALE NC",2024-02-29
6429,1150," LAVISTA EQUIPMENT, NORCROSS GA"," WAFFLE HOUSE#2316, HENRICO VA",2024-02-28
6275,1100, VA,GA,2024-03-07
6303,1300," ROME, GA"," NEWPORT NEWS, VA",2024-03-07
6430,471," Mooresville, NC"," Raleigh, NC",2024-03-07
6408,1800," CHARLOTTE, NC"," DISPUTANTA, VA",2024-03-07
6286,725," Charlotte, NC"," Richmond, VA",2024-03-07
6431,1000, CHESAPEAKE VA, GASTONIA NC,2024-03-07
6286,750," CHARLOTTE, NC"," RICHMOND, VA",2024-03-07
6401,950,SC,VA,2024-03-07
6298,700," Severn, NC","  Greenville, SC",2024-03-07
6432,1900," Elkhart, IN"," CHESTERFIELD, VA",2024-03-07
6427,950," Atlanta, GA"," Disputanta, VA",2024-03-07
6427,900," Atlanta, GA"," Norfolk, VA",2024-03-07
6297,1200,GA,VA,2024-03-07
6334,900," Rutherfordton, NC"," Disputanta, VA",2024-03-07
6433,825, WILLIAMSBURG VA, CANDLER NC,2024-03-07
6391,1175," Chesapeake, VA","Chattanooga, TN",2024-03-07
6279,1500,GA,VA,2024-03-07
6275,1100,VA,GA,2024-03-07
6269,1400,VA,IN,2024-03-07
6321,2100, WHITESTOWN IN, CHESTER VA,2024-03-01
6434,1350, CHESAPEAKE VA, CRAWFORDSVILLE IN,2024-03-04
6378,1800," Alpharetta, GA",Norfolk VA,2024-03-05
6269,1300, HAMPTON VA, GREENWOOD IN,2024-03-07
6426,1800," 2595 W STATE ROAD 28, ALEXANDRIA, IN 46001"," DISPUTANTA, VA 23842",2024-03-08
6430,1882.79, Alexandria IN,Petersburg VA,2024-03-07
6430,1882.79,N/A,N/A,2024-03-07
6435,850," PETERSBURG, VA"," HONEA PATH, SC",2024-03-05
6334,900," Kings Mountain, NC"," Prince George, VA",2024-03-05
6269,1300," Greenwood, IN"," Henderson, NC",2024-03-06
6436,1200, VA,GA,2024-03-06
6304,1200," Carrollton, GA"," Sandston, VA",2024-03-07
6436,1200," WILLIAMSBURG, VA"," ADAIRSVILLE, GA",2024-03-05
6272,800, Newport News VA, CHESNEE SC,2024-03-06
6310,955," Kings Mountain, NC"," Ashland, VA",2024-03-06
6437,750,Statesville NC,Ruther Glen VA,2024-03-11
6310,850," HAMPTON, VA"," FLETCHER, NC",2024-03-11
6326,1100, CARTERSVILLE GA, Henrico VA,2024-03-19
6436,1200," WILLIAMSBURG, VA"," SHANNON, GA",2024-03-19
6269,1300, HAMPTON VA, GREENWOOD IN,2024-03-19
6334,900," Rutherfordton, NC"," Disputanta, VA",2024-03-19
6279,1800,IN,VA,2024-03-19
6396,1962.5," PLAINFIELD, IN"," DISPUTANTA, VA",2024-03-19
6269,1300,Hampton VA,Greenwood IN,2024-03-19
6269,1300," Epes Transport Warehouse, Greenwood IN"," TA Services, Greenwood IN",2024-03-19
6307,1250," PETERSBURG, VA"," TERRE HAUTE, IN",2024-03-19
6335,1650," Indianapolis, IN"," Chester, VA",2024-03-19
6328,850, CONWAY SC, ASHLAND VA,2024-03-19
6438,1000, CHATSWORTH GA, MAXTON NC,2024-03-19
6436,1200," WILLIAMSBURG, VA"," SHANNON, GA",2024-03-19
6336,1100," Calhoun, GA",Richmond VA,2024-03-19
6368,1200," Calhoun, GA",Fredericksburg VA,2024-03-19
6436,1200,Williamsburg VA,Adairsville GA,2024-03-19
6269,1300," Epes Transport Warehouse, Hampton VA", TA Services - Greenwood IN,2024-03-19
6279,1800,Greenfield IN,Chesapeake VA,2024-03-19
6439,950,Greer SC,Henrico VA,2024-03-19
6436,1200," Williamsburg, VA"," Shannon, GA",2024-03-19
6440,1050," Newport News, VA"," Anderson, SC",2024-03-19
6272,1000," 1104 Willowdale Rd NW, DALTON GA 30720"," 4565 Carolina Ave BLDG G, RICHMOND VA 23222",2024-03-19
6436,1200," WILLIAMSBURG, VA","  ADAIRSVILLE, GA",2024-03-19
6441,1300,LITHIA SPRINGS GA,DISPUTANTA VA,2024-03-19
6396,2005," PLAINFIELD, IN"," DISPUTANTA, VA",2024-03-21
6269,1300, HAMPTON VA, GREENWOOD IN,2024-03-21
6269,1300, Hampton VA, Greenwood IN,2024-03-21
6269,1300, HAMPTON VA, GREENWOOD IN,2024-03-21
6442,1700," SEYMOUR, IN"," CHESTER, VA",2024-03-21
6443,1050,Norcross GA,Richmond VA,2024-03-21
6268,975," Suffolk, VA"," Norcross, GA",2024-03-21
6315,1000," Richmond, VA"," Senoia, GA",2024-03-21
6374,1100, Lithia GA, Windsor VA,2024-03-21
6272,850, Newport News VA, CHESNEE SC,2024-03-21
6272,900, Newport News VA, Cherryville NC,2024-03-21
6334,900," Rutherfordton, NC"," Disputanta, VA",2024-03-21
6286,700," Richmond, VA"," Fuquay-Varina, NC",2024-03-21
6444,750," 10225 Western Ridge Rd, Charlotte, NC 28273"," 1934 Ruffin Mill Rd, Colonial Heights, VA 23834",2024-03-21
6334,900,"Rutherfordton, NC","Disputanta, VA",2024-03-21
6272,850, Newport News VA, Chesnee SC,2024-03-25
6304,800," Portsmouth, VA"," SALISBURY, NC",2024-03-25
6395,1000, COWPENS SC, Newport News VA,2024-03-25
6277,800,"  Conover, NC 28613"," ASHLAND, VA 23005",2024-03-25
6436,1200," WILLIAMSBURG, VA"," SHANNON, GA",2024-03-25
6391,1550," McDonough, GA",Chesapeake VA,2024-03-25
6358,2000," TEMPE, AZ","  PASADENA, TX",2024-03-25
6273,1000, WILLIAMSBURG VA,Shannon GA,2024-03-25
6273,1000,,,2024-04-25
6353,1871.4," ORESTES, IN",Petersburg VA,2024-03-25
6445,1850,AVON IN,Virginia Beach VA,2024-03-25
6336,1595,Alexandria IN,Disputanta VA,2024-03-25
6269,1400,HAMPTON VA,LAFAYETTE IN,2024-03-25
6355,1086.75, CALHOUN GA,PETERSBURG VA,2024-04-04
6269,1300,HAMPTON VA,GREENWOOD IN,2024-04-04
6269,1300, HAMPTON VA, GREENWOOD IN,2024-04-04
6272,1550, PLAINFIELD IN, CHESTER VA,2024-04-04
6446,1836.75," Brownsburg, IN","  Petersburg, VA",2024-04-04
6436,1200," WILLIAMSBURG, VA"," SHANNON, GA",2024-04-04
6335,700," Chester, VA"," Fayetteville, NC",2024-04-04
6447,900," NIAGARA FLORENCE, FLORENCE SC 29506"," NEWPORT NEWS PLANT, 17200 WARWICK BLVD, NEWPORT NEWS VA 23603",2024-04-04
6436,1200, Williamsburg VA,Shannon GA,2024-04-04
6272,1125," Adairsville, GA"," Manquin, VA",2024-04-04
6448,800," SUFFOLK, VA"," FLAT ROCK, NC",2024-04-04
6449,1400," CHESAPEAKE, VA"," TIPTON, IN",2024-04-04
6272,1700,LA FAYETTE IN,RICHMOND VA,2024-04-04
6450,629, Virginia Beach VA, Ashland VA,2024-04-04
6300,850,CONOVER NC,RUTHER GLEN VA,2024-04-04
6446,1100," Mooresville, NC",Norfolk VA,2024-04-04
6273,725," Fredericksburg, VA"," Charlotte, NC",2024-04-04
6269,1300, HAMPTON VA, GREENWOOD IN,2024-04-04
6297,1100,Mcdonough GA,Prince George VA,2024-04-04
6451,1750," Indianapolis, IN"," Chesapeake, VA",2024-04-04
6436,1200," WILLIAMSBURG, VA"," SHANNON, GA",2024-04-04
6348,800," El Paso, TX"," Mesa, AZ",2024-04-04
6269,1300, HAMPTON VA, GREENWOOD IN,2024-04-04
6445,1850," AVON, IN"," VIRGINIA BEACH, VA",2024-04-04
6439,925,Greer SC,Henrico VA,2024-04-04
6272,1050," Atlanta, GA"," Virginia Beach, VA",2024-04-04
6307,1050," LITHIA SPRINGS, GA"," PRINCE GEORGE, VA",2024-04-04
6317,1200,Chesapeake VA,Peachtree City GA,2024-04-04
6452,2000, SHOALS IN, NORFOLK VA,2024-04-06
6436,1200," BMBCC WILLIAMSBURG, WILLIAMSBURG, VA"," SHANNON GEORGIA WHSE-C/O WEST LOGISTICS, SHANNON, GA",2024-04-06
6300,900," VILLA RICA, GA","EFFINGHAM, IL",2024-04-06
6436,1200," WILLIAMSBURG, VA"," ADAIRSVILLE, GA",2024-04-06
6293,1100, LITHIA SPRINGS GA, RICHMOND VA,2024-04-06
6273,1100, WILLIAMSBURG VA,GA,2024-04-06
6336,1793, ALEXANDRIA IN 46001,DISPUTANTA VA,2024-04-06
6279,1750,GREENFIELD IN,CHESAPEAKE VA,2024-04-06
6269,1300," Hampton, VA"," Greenwood, IN",2024-04-06
6307,1250,Petersburg VA,Terre Haute IN,2024-04-06
6453,800,Charlotte NC,Prince George VA,2024-04-15
6272,850," World Distribution Services, Virginia Beach VA 23455"," Empire Distributors of Ne Inc, Pineville NC 28134",2024-04-15
6401,950, ANDERSON SC, CHESAPEAKE VA,2024-04-15
6271,725," Norfolk, VA"," Shelby, NC",2024-04-15
6401,1100, ANDERSON SC, CHESAPEAKE VA,2024-04-15
6275,500, Virginia Beach VA,Prince George VA,2024-04-15
6314,1300, CHESAPEAKE VA, FRANKFORT IN,2024-04-15
6274,1550, LAFAYETTE IN,DURHAM NC,2024-04-15
6269,1300," Hampton, VA"," Greenwood, IN",2024-04-15
6404,300, RICHMOND VA, CHESAPEAKE VA,2024-04-15
6350,1850," Columbus, IN"," Suffolk, VA",2024-04-15
6269,1300, HAMPTON VA, GREENWOOD IN,2024-04-15
6350,1900," Columbus, IN"," Suffolk, VA",2024-04-15
6269,1300, HAMPTON VA, GREENWOOD IN,2024-04-15
6310,2200,ARCOLA IL,NEWPORT NEWS VA,2024-04-15
6301,400, NORFOLK VA,RICHMOND VA,2024-04-15
6454,1422," NORFOLK, VA"," TERRE HAUTE, IN",2024-04-15
6396,1949.59," PLAINFIELD, IN"," MECHANICSVILLE, VA",2024-04-15
6269,1300, Hampton VA, GREENWOOD IN,2024-04-15
6275,4000,Glendale AZ,Stuarts Draft VA,2024-04-15
6273,633,Burlington NC,Franklin VA,2024-04-15
6286,1150," BALL CONTAINER, 8935 WILLIAMSBURG, VA", SHANNON GEORGIA,2024-04-17
6326,1000," Calhoun, GA"," Wylliesburg, VA",2024-04-17
6273,1250," 8935 POCAHOTAS TRAIL, WILLIAMSBURG, VA"," 212 BURLINGTON RD N.E., SHANNON, GA",2024-04-17
6273,1100," GEORGIA NORTH LOGISTICS CENTER, ADAIRSVILLE GA", WILLIAMSBURG VA,2024-04-17
6455,1403.33," DALTON, GA"," SANDSTON, VA",2024-04-17
6273,1650,Indianapolis IN,Hopewell VA,2024-04-17
6436,500, Richmond VA,Williamsburg VA,2024-04-19
6348,600," Danville, VA"," Sandston, VA",2024-04-19
6269,1300, HAMPTON VA, GREENWOOD IN,2024-04-19
6374,1900, Plainfield IN,Chesapeake VA,2024-04-19
6269,1300, Hampton VA,Greenwood IN,2024-04-19
6456,1418.51," LITHIA SPRINGS, GA"," MECHANICSVILLE, VA",2024-04-21
6447,525,Chester VA, SOUTH BOSTON VA,2024-04-21
6269,1300, PORTSMOUTH VA, PLAINFIELD IN,2024-04-21
6273,1100," 8935 POCAHOTAS TRAIL, WILLIAMSBURG, VA 23185",Shannon GA,2024-04-21
6269,1400," HAMPTON, VA"," LAFAYETTE, IN",2024-04-21
6268,1975," Mooresville, IN"," FREDERICKSBURG, VA",2024-04-21
6457,1800,Lebanon IN,Prince George VA,2024-04-21
6445,1850," AVON, IN 46168"," VIRGINIA BEACH, VA 23459",2024-04-21
6269,1300, HAMPTON VA, GREENWOOD IN,2024-04-21
6269,1300, HAMPTON VA, GREENWOOD IN,2024-04-21
6390,1000, Greenville SC,Sutherland VA,2024-04-25
6426,1900," 2595 W STATE ROAD 28, ALEXANDRIA, IN 46001"," DISPUTANTA, VA 23842",2024-04-25
6450,825, VIRGINIA BEACH VA, STATESVILLE NC,2024-04-25
6381,775,CHARLOTTE NC,VIRGINIA BEACH VA,2024-04-25
6445,850," Virginia Beach, VA"," PINEVILLE, NC",2024-04-25
6458,875,Charlotte NC,Fredericksburg VA,2024-04-25
6320,1395,Troutman NC," Chesapeake, VA",2024-04-25
6459,700,Norfolk VA," Charlotte, NC",2024-04-25
6272,500," Eastern Minerals Rd, Henderson NC 27537"," Virginia Feed Mill, Waverly VA 23890",2024-04-25
6321,1900, INDIANAPOLIS IN, CHESAPEAKE VA,2024-04-25
6269,1300, HAMPTON VA, GREENWOOD IN,2024-04-25
6391,1565," North Vernon, IN","Richmond, VA",2024-04-25
6450,700," Virginia Beach, VA"," Petersburg, VA",2024-04-25
6450,779, VIRGINIA BEACH VA, ASHLAND VA,2024-04-25
6324,825,Portsmouth VA,Disputanta VA,2024-04-25
6269,1300, HAMPTON VA, GREENWOOD IN,2024-05-06
6426,1800," 2595 W STATE ROAD 28, ALEXANDRIA IN 46001", DISPUTANTA VA 23842,2024-05-06
6404,1900," 551 MINGER DRIVE, GREENDALE, IN 47025"," 5740 BAYSIDE ROAD, VIRGINIA BEACH, VA 23455",2024-05-06
6269,1300, PORTSMOUTH VA,PLAINFIELD IN,2024-05-06
6460,1600," Brandenburg, KY"," Richmond, VA",2024-05-06
6269,1300, HAMPTON VA, GREENWOOD IN,2024-05-06
6457,1600,Columbus IN,Suffolk VA,2024-05-06
6461,1050," Atlanta, GA"," Norfolk, VA",2024-05-06
6269,1300, HAMPTON VA, GREENWOOD IN,2024-05-06
6301,1100," Williamsburg, VA"," Adairsville, GA",2024-05-06
6275,1763,Plainfield IN,Fredericksburg VA,2024-05-06
6269,4300," Hampton, VA"," Greenwood, IN",2024-05-06
6269,1300, PORTSMOUTH VA, PLAINFIELD IN,2024-05-06
6462,1700," Crawfordsville, IN"," Suffolk, VA",2024-05-06
6450,740, Virginia Beach VA, Ruther Glen VA,2024-05-06
6450,700," 1537 AIR RAIL AVE, VIRGINIA BEACH VA 23455"," 6055 QUALITY WAY, PRINCE GEORGE VA 23875",2024-05-06
6414,900, LAWRENCEVILLE VA, MOUNT CRAWFORD VA,2024-05-06
6269,1300, HAMPTON VA, GREENWOOD IN,2024-05-06
6350,1800," TSN WEST LLC, RICHMOND IN"," DVA, STAFFORD VA",2024-05-06
6272,750,Red Oak VA,Warrenton VA,2024-05-06
6269,1300,Hampton VA,Greenwood IN,2024-05-06
6426,1800," 2595 W STATE ROAD 28, ALEXANDRIA, IN 46001"," DISPUTANTA, VA 23842",2024-05-06
6269,1300, HAMPTON VA, GREENWOOD IN,2024-05-06
6269,1300, HAMPTON VA, GREENWOOD IN,2024-05-06
6268,1500," Plainfield, IN"," Mechanicsville, VA",2024-05-11
6269,1300, PORTSMOUTH VA, PLAINFIELD IN,2024-05-11
6404,1520, PORTSMOUTH VA, ELKHART IN,2024-05-11
6434,1400," 1910 CAMPOSTELLA ROAD, CHESAPEAKE VA 23324"," 600 IN STATE ROAD 32 WEST, CRAWFORDSVILLE IN 47933",2024-05-11
6303,1600,CHAMPAIGN IL,SALISBURY NC,2024-05-11
6463,1000, GREER SC,CHESTER VA,2024-05-11
6307,1250," Meridian Waste - Tri City Regional Landfill, PETERSBURG, VA"," 300 NORTH FRUITRIDGE AVENUE, TERRE HAUTE, IN",2024-05-11
6273,1600," 6501 BERRY PLASTICS BLVD, EVANSVILLE IN 47725",Stafford VA,2024-05-11
6449,1000, Monroe NC,Berryville VA,2024-05-11
6464,650, Waynesboro VA,Mooresville NC,2024-05-11
6334,911.75," Pineville, NC"," Petersburg, VA  + $36.75 Lumper",2024-05-11
6272,950, Gatorade - Wytheville VA, LIDL FREDERICKSBURG VA,2024-05-11
6340,1000," 996 Paragon Way, Rock Hill, SC 29730"," 9898 Furnace Road, Lorton, VA 22079",2024-05-11
6412,624," PRINCE GEORGE, VA","  WYTHEVILLE, VA",2024-05-11
6268,900," Wytheville, VA"," Norfolk, VA",2024-05-11
6295,600,Williamsburg VA,Linwood NC,2024-05-11
6301,600," Williamsburg, VA"," Richmond, VA",2024-05-11
6271,3700," Mint Hill, NC"," Tolleson, AZ",2024-05-11
6333,1800," Houston, TX"," Tolleson, AZ",2024-05-11
6382,2350," RICHMOND, VA"," HOUSTON, TX",2024-05-11
6465,4100,Phoenix AZ,Williamsburg VA,2024-05-11
6350,4000," Glendale, AZ"," Charlotte, NC",2024-05-11
6426,2000,Alexandria IN,Disputanta VA,2024-05-11
6269,1300, HAMPTON VA, GREENWOOD IN,2024-05-18
6462,1700,Crawfordsville IN," Suffolk, VA",2024-05-18
6269,1300, HAMPTON VA, GREENWOOD IN,2024-05-18
6457,1600,Greenfield IN,Virginia Beach VA,2024-05-18
6466,650,Chester VA, STUARTS DRAFT VA,2024-05-18
6269,1300, PORTSMOUTH VA, PLAINFIELD IN,2024-05-18
6378,1800,Bristol IN,Virginia Beach VA,2024-05-18
6269,4300, HAMPTON VA, GREENWOOD IN,2024-05-18
6336,1890,Alexandria IN,Disputanta VA,2024-05-18
6275,750,Virginia Beach VA,Fredericksburg VA,2024-05-18
6320,800," TROUTMAN, NC"," PRINCE GEORGE, VA",2024-05-18
6433,650," Williamsburg, VA"," Linwood, NC",2024-05-18
6319,700," VIRGINIA BEACH, VA"," Browns Summit, NC",2024-05-18
6340,1000,Rock Hill SC,Lorton VA,2024-05-18
6320,1050," TROUTMAN, NC"," CHESAPEAKE, VA",2024-05-22
6333,2145,Frankfort IN,FREDERICKSBURG VA,2024-05-22
6269,1300, HAMPTON VA, GREENWOOD IN,2024-05-22
6279,1699, Whiteland IN,Richmond VA,2024-05-22
6275,750,Virginia Beach VA,Charlotte NC,2024-05-22
6313,950,"CHARLOTTE, NC"," VIRGINIA BEACH, VA  ",2024-05-22
6286,700," Suffolk, VA"," Charlotte, NC",2024-05-22
6467,700,NORFOLK VA,GREENSBORO NC,2024-05-22
6285,1000,Chester VA,Leesburg VA,2024-05-22
6311,500,Manassas VA,Ashland VA,2024-05-22
6468,1400," Louisville, KY"," Sterling, VA",2024-05-23
6269,1300, HAMPTON VA, GREENWOOD IN,2024-05-23
6350,1600,Richmond IN,Stafford VA,2024-05-23
6336,1890,Alexandria IN,Disputanta VA,2024-05-24
6282,1800,Alexandria IN,Glen Allen VA,2024-05-24
6275,1700," Nestle USA, 1537 AIR RAIL AVE VIRGINIA BEACH, VA 23455"," Walmart, 100 Fischer Parkway Gas City, IN 46933",2024-05-28
6320,900,Troutman NC,Chesapeake VA,2024-05-28
6268,1200," Mechanicsville, VA"," Baltimore, MD",2024-05-28
6400,1900," Clayton, IN"," Prince George, VA",2024-05-28
6334,1745,Alexandria IN,Disputanta VA,2024-05-28
6269,1300, Hampton VA,Greenwood IN,2024-05-28
6391,1400,North Vernon IN,Richmond VA,2024-05-28
6269,1300, HAMPTON VA, GREENWOOD IN,2024-05-28
6269,1300, HAMPTON - VA, GREENWOOD IN,2024-05-28
6333,1650," PLAINFIELD, IN"," FREDERICKSBURG, VA",2024-05-28
6269,1300, HAMPTON VA, GREENWOOD IN,2024-05-28
6269,1300, Hampton VA,Greenwood IN,2024-05-28
6355,1700," CRAWFORDSVILLE, IN"," SUFFOLK, VA",2024-05-28
6340,1000," 996 Paragon Way, Rock Hill, SC 29730"," 9898 Furnace Road, Lorton, VA 22079",2024-05-28
6321,650," 1201 ENTERPRISE DR, SUFFOLK 23434"," 8416 TRIAD DR, GREENSBORO 274099018",2024-05-28
6320,800," TROUTMAN, NC"," PRINCE GEORGE, VA",2024-05-28
6278,736,Franklin VA,Ruther Glen VA,2024-05-28
6307,1600," WAGNER LOGISTICS CLOROX, 2155 STAFFORD RD, PLAINFIELD, IN, 46168"," STORE 7303, 5 QUALITY WAY, PRINCE GEORGE, VA, 23875",2024-06-01
6269,1300,HAMPTON VA,GREENWOOD IN,2024-06-01
6304,1200," TOANO, VA 23168"," ELKTON, VA 22827",2024-06-01
6304,1200," TOANO, VA 23168"," ELKTON, VA 22827",2024-06-01
6269,1300, HAMPTON VA, GREENWOOD IN,2024-06-01
6279,1800," 1716 Innovation Blvd, Clayton, IN 46118"," 305 E Street, Hampton, VA 23661",2024-06-01
6269,1300, HAMPTON VA, GREENWOOD IN,2024-06-01
6336,1480," Morgan Foods Warehouse, Jeffersonville, IN"," Walmart, Sutherland, VA",2024-06-01
6457,1700,Charlestown IN,Sutherland VA,2024-06-01
6269,1300, Hampton VA,Greenwood IN,2024-06-01
6469,1776," ALEXANDRIA, IN 46001"," PETERSBURG, VA 23803",2024-06-05
6278,150," Franklin, VA"," Ruther Glen, VA",2024-06-05
6269,1300, HAMPTON VA, GREENWOOD IN,2024-06-05
6271,1500," 1225 WEST BURNETT AVE, LOUISVILLE, KY"," 2211 BELLS RD ASRS WHSE #7 GATE H, RICHMOND, VA",2024-06-05
6269,1300, Hampton VA,Greenwood IN,2024-06-05
6304,1200,Toano VA,Elkton VA,2024-06-05
6363,800,CHARLOTTE NC,PRINCE GEORGE VA,2024-06-10
6293,850, PINEVILLE NC,PRINCE GEORGE VA,2024-06-10
6445,900, Virginia Beach VA,Pineville NC,2024-06-10
6285,1050,Chester VA,Greenville SC,2024-06-10
6470,1300, Spartanburg SC,Prince George VA,2024-06-10
6312,1700," FRANKLIN, IN"," CHESAPEAKE, VA",2024-06-10
6269,1300, HAMPTON VA, GREENWOOD IN,2024-06-10
6269,1300, HAMPTON VA, GREENWOOD IN,2024-06-10
6274,1900," CRAWFORDSVILLE, IN"," SUFFOLK, VA",2024-06-10
6269,1300,Hampton VA,Greenwood IN,2024-06-10
6294,1700," Berry Plastics, Odon, IN 47562"," Mondelez Richmond Bakery, Richmond, VA 23231",2024-06-10
6269,1300," HAMPTON, VA"," GREENWOOD, IN",2024-06-10
6269,1650," SHELBYVILLE, IN"," RICHMOND, VA",2024-06-10
6269,1300, HAMPTON VA, GREENWOOD IN,2024-06-10
6320,900,Troutman NC,Prince George VA,2024-06-10
6319,850," Williamsburg, VA"," Spartanburg, SC",2024-06-10
6354,750, Norfolk VA,Mocksville NC,2024-06-10
6320,900,Troutman NC,Chesapeake VA,2024-06-10
6298,900," ARAUCO SC, BENNETTSVILLE SC"," STEVES AND SONS, SANDSTON VA",2024-06-16
6286,700,Origin: SUFFOLK VA,Destination: CHARLOTTE NC,2024-06-16
6320,900," Talking Rain, 279 Old Murdock Road, Troutman, NC 28166"," 6055 Quality Way, Prince George, VA 23875-3038",2024-06-16
6350,900,Charlotte NC,Prince George VA,2024-06-16
6354,650, NORFOLK VA, MOCKSVILLE NC,2024-06-16
6471,2100," Lafayette, IN"," Virginia Beach, VA",2024-06-16
6269,1300," Epes Transport Warehouse, HAMPTON VA"," TA Services, GREENWOOD IN",2024-06-16
6269,1300, HAMPTON VA, GREENWOOD IN,2024-06-16
6334,1745,Alexandria IN,Disputanta VA,2024-06-16
6350,1700, INDIANAPOLIS IN, STAFFORD VA,2024-06-16
6269,1400, HAMPTON VA, LAFAYETTE IN,2024-06-16
6471,2100, LAFAYETTE IN, VIRGINIA BEACH VA,2024-06-16
6269,1300, HAMPTON VA, GREENWOOD IN,2024-06-16
6400,1810," Clayton, IN"," Fredericksburg, VA",2024-06-16
6269,1300,Hampton VA,Greenwood IN,2024-06-16
6334,426," Chester, VA","  Petersburg, VA + LUMPER $76.00",2024-06-16
6446,1000," Huntersville, NC", North Chesterfield VA,2024-06-16
6467,700," Richmond, VA"," Reidsville, NC",2024-06-16
6472,800,Ridgeway VA,Richmond VA,2024-06-16
6334,426," Chester, VA","Petersburg, VA (+ LUMPER)",2024-06-20
6334,426," Chester, VA","Petersburg, VA (+ LUMPER)",2024-06-20
6334,426," Chester, VA","Petersburg, VA (+ LUMPER)",2024-06-20
6446,1000," 10036 Torrence Ford Dr, Huntersville, NC 28078"," 1520 Willis RD, NORTH CHESTERFIELD, VA 23237",2024-06-20
6354,650, NORFOLK VA 23513, MOCKSVILLE NC 27028,2024-06-20
6433,650," 7795 Pocahontas Trail, WILLIAMSBURG, VA 23185"," 125 SEVEN OAKS DR., LINWOOD, NC 27299",2024-06-20
6271,1000, CHARLOTTE NC, VIRGINIA BCH VA,2024-06-20
6269,1300," 2501 60th St, HAMPTON VA 23661"," 790 Commerce Pkwy W Dr, GREENWOOD IN 46143",2024-06-20
6269,1300," 2501 60th St, HAMPTON VA 23661"," 790 Commerce Pkwy W Dr, GREENWOOD IN 46143",2024-06-20
6268,1700," Lebanon, IN"," Chesapeake, VA",2024-06-20
6473,1600, Louisville KY, South Chesterfield VA,2024-06-20
6471,2100," 1501 Veterans Memorial Parkway E, Lafayette, IN 47905"," 2600 Production Road, Virginia Beach, VA 23454",2024-06-20
6350,900," Niagara Bottling LLC, 178 Mooresville Blvd Mooresville, NC 28115"," Food Lion, 6500 Enterprise Dr Disputanta, VA 23842",2024-06-20
6272,2021," 316 Gator Lane, WYTHEVILLE VA 24382"," 6304 Sheriff Rd, LANDOVER MD 20785",2024-06-20
6350,1800," 9224 Gibbon Rd, Charlotte, NC 28269"," 6055 Quality Way, Prince George, VA 23875",2024-06-20
6405,600," 5371 Glen Alden Drive, RICHMOND VA 23231"," 530 Albemarle Road, ASHEBORO NC 27203",2024-06-20
6474,1375," 14620 CAROWINDS BLVD, CHARLOTTE NC 28273"," 5050 CROWE DR, MOUNT CRAWFORBA 22841",2024-06-20
6475,1600," 1201 Logistics Way, Monroe, OH 45050"," 21504 Cox Road, Sutherland, VA 23885",2024-06-20
6269,1300," 2501 60th St, Hampton, VA 23661"," 790 Commerce Pkwy W Dr, Greenwood, IN 46143",2024-06-20
6269,1300," 2501 60th St, Hampton, VA 23661"," 790 Commerce Pkwy W Dr, Greenwood, IN 46143",2024-06-20
6334,400," Chester, VA"," Petersburg, VA (+ LUMPER)",2024-06-23
6354,650, NORFOLK VA 23513, MOCKSVILLE NC 27028,2024-06-23
6282,1700," Alexandria, IN 46001"," Glen Allen, VA 23059",2024-06-23
6269,1300, HAMPTON VA, GREENWOOD IN,2024-06-23
6388,400," T&B Pallets, LLC- Recovery, 3879 East Side Hwy, Grottoes, VA 24441"," PECO Pallet Richmond, 2913 Transport Rd, Richmond, VA 23234",2024-06-23
6297,1250," Duncan, SC"," Suffolk, VA",2024-06-23
6446,1000," 10036 Torrence Ford Dr, Huntersville, NC 28078"," 1520 Willis RD, NORTH CHESTERFIELD, VA 23237",2024-06-23
6466,700,NIAGARA - RCH 17OO DIGITAL DR CHESTER VA 23 836,543 12TH ST DR HICKORY NC 28601,2024-06-23
6383,800,Portsmouth Virginia,Monroe North Carolina,2024-06-23
6269,1300," 2501 60th St, HAMPTON VA 23661"," 790 Commerce Pkwy W Dr, GREENWOOD IN 46143",2024-06-23
6269,1300," 2501 60th St, HAMPTON VA 23661"," 790 Commerce Pkwy W Dr, GREENWOOD IN 46143",2024-06-23
6334,350," Chester, VA","Petersburg, VA",2024-06-25
6334,350," Chester, VA","  Petersburg, VA",2024-06-25
6334,350," Chester, VA"," Petersburg, VA",2024-06-25
6334,350," Chester, VA"," Petersburg, VA",2024-06-25
6334,426,Chester VA," Petersburg, VA (+LUMPER)",2024-06-28
6334,350," Chester, VA"," Petersburg, VA",2024-06-28
6469,600," 931 DUNLUCE RD, KING WILLIAM, VA 23086"," 5566 BURLINGTON RD, MC LEANSVILLE, NC 27301",2024-06-28
6335,1700," 5000 W 25TH ST, Indianapolis, IN 46224"," 1400 DIGITAL DR, Chester, VA 23836",2024-06-28
6336,1295," 2034 Atlantic Ave, Ste 103 - 104, Chesapeake, VA 23324"," 3737 Waldemere Ave, Indianapolis, IN 46241",2024-06-28
6478,900," 4300 SOUTH BLVD, CHARLOTTE, NC 28209"," 10464 CEDAR LN, GLEN ALLEN, VA 23059",2024-06-28
6476,800,"AMERICAN CYLINDER PRODUCTS 115 FURLONG INDUSTRIAL DR. KERNERSVILLE,NC 27284","SOUTHERN GRAPHIC SYSTEMS 5301 LEWIS ROAD SANDSTON, VA 23150",2024-06-28
6477,700,"BMBCC WILLIAMSBURG 8935 POCAHOTAS TRAIL Williamsburg, VA 23185","VNGR BEVERAGES LLC DBA PO 'I 858 KANNAPOLIS PARKWAY Kannapolis, NC 28081",2024-06-28
6479,1600," 2440 Oxford State Rd, MIDDLETOWN OH 45044"," 830 Old Dill Rd, SUFFOLK VA 23434",2024-06-21
6269,1300," 2501 60th St, Hampton, VA 23661"," 790 Commerce Pkwy W Dr, Greenwood, IN 46143",2024-06-28
6480,1500," 6255 KILBY ROAD, HARRISON, OH 45030"," 13320 RAMBLEWOOD DRIVE, CHESTER, VA 23836",2024-06-25
6350,1165," Niagara Bottling LLC, 178 Mooresville Blvd Mooresville, NC 28115","~ ADDED LUMPER ~ Food Lion, 6500 Enterprise Dr Disputanta, VA 23841",2024-06-28
6374,800," 1401 Elmhurst Lane, Portsmouth, VA 23704"," 1203 Winston Rd, NC 27295",2024-06-28
6270,900," 6100-T GLEN AFTON BLVD, CONCORD, NC 28025"," 1400 DIGITAL DR, CHESTER, VA 23836-2869",2024-06-28
6374,800," 4301 Cedar Lane, Portsmouth, VA 23704"," 1203 Winston Rd, NC 27295",2024-06-26
6301,335," 29155 Richmond Turnpike, Ruther Glen, VA 22546"," 1700 DIGITAL DR, Chester, VA 238360000",2024-06-28
6469,1876," 2595 W STATE ROAD 28, ALEXANDRIA, IN 46001","+LUMPER PETERSBURG, VA 23803",2024-06-27
6334,426,Chester VA,Petersburg VA + Lumper,2024-07-03
6481,757.5,Richmond VA,Charlotte NC,2024-07-03
6334,350," Chester, VA"," Petersburg, VA",2024-07-03
6482,1575,Erlanger KY,Stafford VA,2024-07-03
6297,1250," 531 Robin Lake Road Bldg, Duncan, SC 29334"," 2/71 Benton Rd, Suffolk, VA 23434",2024-07-03
6335,1300," 4530 OAKLEYS LANE, SANDSTON, VA"," 3690 S 500 East, Whitestown, IN",2024-07-03
6320,1500," 5559 Inwood Dr, Columbus, IN 47201"," 15801 Happy Hill Rd, South Chesterfield, VA 23834",2024-07-03
6269,1300, HAMPTON VA, GREENWOOD IN,2024-07-03
6307,700," 934 Dunluce Rd, King William, VA, 23086"," 2110 Executive Drive, Salisbury, NC, 28147",2024-07-03
6310,1100,Dallas NC,Virginia Beach VA,2024-07-03
6321,650," 1201 ENTERPRISE DR, SUFFOLK VA 23434"," 8416 TRIAD DR, GREENSBORO NC 274099018",2024-07-03
6412,1100,Dallas NC,Virginia Beach VA,2024-07-03
6307,400," Access Corporation, 1790 Ruffin Mill Rd, Colonial Heights, VA 23834"," Iron Mountain, 5900 Eastport Blvd, Richmond, VA 23231",2024-07-10
6310,600,Garysburg NC,Doswell VA,2024-07-10
6293,1300, PORTSMOUTH VA, PLAINFIELD IN,2024-07-10
6471,2100,LAFAYETTE IN,VIRGINIA BEACH VA,2024-07-10
6269,1300," 3097 Ballard Ave, PORTSMOUTH VA 23701", 849 Whitaker RD PLAINFIELD IN,2024-07-10
6311,800," Canada Dry Norfolk, Virginia Beach, VA"," Independent Beverage Company, Charlotte, NC",2024-07-10
6354,650,Norfolk VA,Mocksville SC,2024-07-10
6304,1400," Mooresville, NC"," NORFOLK, VA",2024-07-10
6401,1300,Anderson SC,Chesapeake VA,2024-07-10
6457,1850,Jeffersonville IN,Prince George VA,2024-07-10
6336,1855," 2595 W STATE RD 28, ALEXANDRIA IN 46001"," 6500 Enterprise Dr, DISPUTANTA VA 23842",2024-07-10
6483,800,Windsor VA,Sparta NC,2024-07-10
6272,980," Gatorade - Wytheville, WYTHEVILLE VA 24382"," Pepsi Bottling Co - Richmond - SP_1465_, RICHMOND VA 23237",2024-07-10
6334,350,"Chester, VA","Petersburg, VA",2024-07-10
6334,274," Chester, VA"," Petersburg, VA",2024-07-10
6334,274,,,2024-08-27
6320,900," 279 OLD MURDOCK RD, TROUTMAN, NC 28166"," 6055 QUALITY WAY, PRINCE GEORGE, VA 23875",2024-07-18
6484,950,1600 Porter Rd Rock Hill SC 29730,7795 Pochontas Trail Williamsburg VA 23185,2024-07-18
6445,900," Virginia Beach, VA"," PINEVILLE, NC",2024-07-18
6401,1200," 441 Masters Blvd, Anderson, SC 29626"," 1501 Sams Circle, Chesapeake, VA 23320",2024-07-18
6282,900," 931 Dunluce Rd, King William, VA 23086"," 5566 Burlington Rd, Mc Leansville, NC 27301",2024-07-18
6412,1100," 484 HICKS GROVE RD., Mooresboro, NC US 28114"," 11022 Lewistown Road, ASHLAND, VA US 23005",2024-07-18
6286,650,Suffolk VA,Charlotte NC,2024-07-18
6271,1400," 1301 Battery Brooke Pkwy, RICHMOND VA"," 11214 Jefferson Ave, NEWPORT NEWS VA",2024-07-18
6269,1300," 2501 60th St, HAMPTON VA 23661"," 790 Commerce Pkwy W Dr, GREENWOOD IN 46143",2024-07-18
6348,600," 1700 Digital Drive, Chester, VA 23836, USA"," 1188 Kingwood Avenue, Norfolk, VA 23502, USA",2024-07-18
6269,1300," 2501 60th St, HAMPTON VA 23661"," 790 Commerce Pkwy W Dr, GREENWOOD IN 46143",2024-07-18
6485,600, Fredericksburg VA, Richmond VA,2024-07-18
6486,1325," GREENSBORO,NC"," FREDERICKSBURG,VA",2024-07-18
6430,733, Chester VA, Mooresville NC,2024-07-18
6354,700,Norfolk VA,Mocksville NC,2024-07-18
6378,1430," 10230 PINEVILLE DISTRIBUTION ST, Pineville, NC 28134"," 6500 ENTERPRISE DR, Disputanta, VA 23842",2024-07-10
6457,200," 1700 DIGITAL DRIVE, Chester, VA 23836",TONU,2024-07-18
6336,1850," 2595 W STATE RD 28, ALEXANDRIA IN 46001"," 6500 Enterprise Dr, DISPUTANTA VA 23842",2024-07-18
6487,993," Conover, NC"," PETERSBURG, VA",2024-07-18
6487,993,,ALDI Lumper,2024-07-18
6311,700,Henrico VA,Henderson NC,2024-07-18
6304,150,Chester VA -- TONU,Greensboro NC,2024-07-18
6400,2100," Greenfield, IN"," Chesapeake, VA",2024-07-23
6302,1600,Indianpolis IN,Boydton VA,2024-07-23
6302,1600," Boydton, VA"," Indianapolis, IN",2024-07-23
6471,2100," 1501 Veterans Memorial Parkway E, Lafayette, IN 47905"," 2600 Production Road, Virginia Beach, VA 23454",2024-07-23
6269,1300, HAMPTON VA, GREENWOOD IN,2024-07-23
6286,950,Richmond VA,Black Mountain NC,2024-07-23
6310,600,Garysburg C,Doswell VA,2024-07-23
6300,950,Swannanoa NC, Suffolk VA,2024-07-23
6350,800,"Richmond, VA",Marshall NC,2024-07-23
6304,700, Fredericksburg VA,Virginia Beach VA,2024-07-23
6268,900,Schuylkill Haven PA,Norfolk VA,2024-07-23
6430,1143,Chester VA,Bethel PA,2024-07-23
6445,900," Virginia Beach, VA"," PINEVILLE, NC",2024-07-23
6311,900, Charlotte NC,Virginia Beach VA,2024-07-23
6302,1600,Indianapolis IN,Danville VA,2024-07-23
6348,750," 3660 Morehead Avenue, Ridgeway, VA 24148, USA"," 150 Industrial Blvd, Toano, VA 23168, USA",2024-07-23
6269,1300, Hampton VA, GREENWOOD IN,2024-07-23
6269,1300,Hampton VA,Greenwood IN,2024-07-23
6422,1950," REMINGTON, IN"," NEWPORT NEWS, VA",2024-07-31
6372,1475,Newport News VA,Crawfordsville IN,2024-07-31
6269,1300," 2501 60th St, HAMPTON VA 23661"," 790 Commerce Pkwy W Dr, GREENWOOD IN 46143",2024-07-31
6276,1700," 1564 INNOVATION BLVD, Clayton, IN - 46118 USA"," 317 HILL CARTER PKWY, Ashland, VA - 23005 USA",2024-07-31
6481,1750," 2709 N 400 W, Greenfield, IN 46140"," 24098 Ruther Glen, Ruther Glen, VA 22546",2024-07-31
6378,800," Charlotte, NC"," Richmond, VA",2024-07-31
6488,650," 3306 Peterson St, Norfolk, VA 23509"," 1107 Greensboro Rd, High Point, NC 27260",2024-07-18
6489,700," Chesapeake, VA"," Greensboro, NC",2024-08-09
6336,1100, US-PL-KNOXVILLE-TN-OUT, US-DC-N CHESTERFIELD-VA-OUT,2024-08-09
6446,1000," 313 MOORESVILLE BLVD, Mooresville, NC 28115"," 1187 AZALEA GARDEN ROAD, Norfolk, VA 23501",2024-08-09
6490,650,Chester VA,Belmont NC,2024-08-09
6295,2200," 316 Bohannon Ave, Greeneville, TN 37743"," 6055 Quality Way, Prince George, VA 23875",2024-07-22
6491,1700," Indianapolis, IN"," Ashland, VA",2024-08-09
6269,1300,"Hampton, VA"," 790 Commerce Pkwy W Dr, Greenwood, IN",2024-08-09
6269,1300, PORTSMOUTH VA, PLAINFIELD IN,2024-08-09
6270,1600," NOBLESVILLE, IN"," BOYDTON, VA",2024-08-09
6293,1200, RICHMOND VA, CRAWFORDSVILLE IN,2024-08-09
6374,1700," 10010 E 56th St, Indianapolis, IN 46235"," 2333 Wells Road, International VA 23805",2024-08-09
6335,1300,Henrico VA," Whitestown, IN",2024-08-09
6492,1900," 2595 W STATE ROAD 28, Alexandria, IN 46001"," 6500 ENTERPRISE DRIVE, Disputanta, VA 23842",2024-07-24
6269,1300, HAMPTON VA, GREENWOOD IN,2024-08-09
6282,1800," Alexandria, IN 46001"," Glen Allen, VA 23059",2024-08-09
6269,1300,Hampton VA," 790 Commerce Pkwy W Dr, Greenwood, IN",2024-08-09
6268,1850,Lebanon IN,Chesapeake VA,2024-08-09
6400,2000," Greenfield, IN"," Chesapeake, VA",2024-08-09
6493,1500," PORTSMOUTH, VA"," GREENWOOD, IN",2024-08-09
6460,1700," Brandenburg, KY"," Richmond, VA",2024-08-09
6494,1150, SUFFOLK VA, COLLEGE PARK GA,2024-08-09
6334,350," Chester, VA"," Petersburg, VA",2024-08-09
6428,1250," Mcdonough, GA"," Richmond, VA",2024-08-09
6495,975," Charlotte, NC"," Hampton, VA",2024-08-09
6320,800,Concord NC,Suffolk VA,2024-08-09
6404,1100," BUTLER WOODCRAFTERS, 205 S WASHINGTON STREET, CHASE CITY VA 23924"," HAMPTON UNIVERSITY, 8 HAMPTON HARBOR AVE, HAMPTON VA 23669",2024-08-12
6269,1300, HAMPTON VA, GREENWOOD IN,2024-08-12
6269,1300,Hampton VA," 790 Commerce Pkwy W Dr, Greenwood, IN",2024-08-12
6497,1750,New Castle IN,Jarratt VA,2024-08-12
6454,700," SUFFOLK, VA"," EFFINGHAM, SC",2024-08-12
6335,625, Henrico VA,Greensboro NC,2024-08-12
6457,750," Norfolk, VA"," Statesville, NC",2024-08-12
6320,900, Troutman NC,Chesapeake VA,2024-08-12
6311,800," 3319 Darby Ave, Charlotte, NC, 28216"," 10026 Old Ridge Rd, Ashland, VA, 23005",2024-08-12
6498,650," SUFFOLK, Virginia"," SALISBURY, North Carolina",2024-08-12
6311,800," CHARLOTTE, NC"," ASHLAND, VA",2024-08-12
6286,2010,Washington IN,Disputanta VA,2024-08-12
6446,900,Huntersville NC,North Chesterfield VA,2024-08-12
6302,250,Indianpolis IN,Danville VA,2024-08-13
6384,1100," Norfolk, VA"," Dulles, VA",2024-08-13
6295,1965," PLAINFIELD, IN"," Fredericksburg, VA",2024-08-13
6269,1300, PORTSMOUTH VA," PLAINFIELD, IN",2024-08-13
6499,576,Franklin VA,Petersburg VA,2024-08-13
6499,576,,,2024-08-13
6487,876," Conover, NC"," Petersburg, VA",2024-08-16
6500,650,Norfolk VA,Mocksville NC,2024-08-16
6500,650, NORFOLK VA, MOCKSVILLE NC,2024-08-17
6311,800," CHARLOTTE, NC"," ASHLAND, VA",2024-08-17
6484,725," WAGRAM, North Carolina"," RICHMOND, Virginia",2024-08-17
6500,650, NORFOLK VA, MOCKSVILLE NC,2024-08-17
6383,650, Franklin VA,Wagram NC,2024-08-17
6269,1300, Portsmouth VA,Plainfield IN,2024-08-17
6335,1700," Indianapolis, IN"," Sandston, VA",2024-08-17
6269,1300, Hampton VA,Greenwood IN,2024-08-17
6423,1900, Indianapolis IN,Chesapeake VA,2024-08-17
6501,750," Lititz, PA","  Richmond, VA",2024-08-17
6269,1300," Epes Transport Warehouse, HAMPTON VA"," TA Services, GREENWOOD IN",2024-08-17
6335,1700, Indianpolis IN,Henrico VA,2024-08-17
6502,1600,Louisville KY,Disputanta VA,2024-08-17
6269,1300, HAMPTON VA, GREENWOOD IN,2024-08-17
6503,2010, Washington IN,Disputanta VA,2024-08-17
6503,2010,,,2024-08-18
6269,1300, PORTSMOUTH VA, PLAINFIELD IN,2024-08-17
6269,1300, Hampton VA, GREENWOOD IN,2024-08-17
6383,1700, Marion IN,Disputanta VA,2024-08-17
6335,1700," Indianapolis, IN",Henrico VA,2024-08-17
6269,1300,Hampton VA,Greenwood IN,2024-08-17
6467,700," Norfolk, VA"," Gordonsville, VA",2024-08-22
6268,1600," Alexandria, IN"," Manassas, VA",2024-08-22
6282,1750, Alexandria IN,Glen Allen VA,2024-08-22
6269,1300, Hampton VA,Greenwood IN,2024-08-22
6293,1300, PORTSMOUTH VA, PLAINFIELD IN,2024-08-22
6504,500," STONE BREWING/RICHMOND, RICHMOND VA 23231"," CTPS-WILLIAMSBURG, WILLIAMSBURG VA 23185",2024-08-22
6269,1300," Epes Transport Warehouse, HAMPTON VA"," TA Services, GREENWOOD IN",2024-08-22
6502,1600," Louisville, KY"," Disputanta, VA",2024-08-22
6505,2000, INDIANAPOLIS IN, CHESAPEAKE VA,2024-08-22
6269,1300, HAMPTON VA, GREENWOOD IN,2024-08-22
6269,1300,Hampton VA,Greenwood IN,2024-08-22
6336,1600," 90 W Morgan St, AUSTIN IN 47102"," 6120 Smith Station Rd, FREDERICKSBURG VA 22407",2024-08-22
6269,1300,Hampton VA,Greenwood IN,2024-08-22
6269,1300, HAMPTON VA, GREENWOOD IN,2024-08-27
6297,1699, Plainfield IN,Ashland VA,2024-08-27
6269,1300, HAMPTON VA, GREENWOOD IN,2024-08-27
6502,1600, JEFFERSONVILLE IN, DISPUTANTA VA,2024-08-27
6445,900," Virginia Beach, VA"," PINEVILLE, NC",2024-08-27
6506,922.5,Graham NC,Norfolk VA,2024-08-27
6506,922.5,,,2024-08-27
6500,650, NORFOLK VA, MOCKSVILLE NC,2024-08-27
6507,650,Norfolk VA,Kernersville NC,2024-08-27
6330,950," NEWPORT NEWS, VA"," SUMTER, SC",2024-08-27
6271,750, HIGH PT NC," CHESAPEAKE ,ICVA",2024-08-27
6297,1680," Plainfield, IN"," Chester, VA",2024-08-27
6334,426," Chester, VA"," Petersburg, VA",2024-08-27
6334,426,,,2024-08-27
6334,426," Chester, VA"," Petersburg, VA",2024-08-27
6334,426,,,2024-08-27
6272,750," 17200 Warwick Blvd, Newport News, VA 23603"," 1001 Riverside Drive, Danville, VA 24540",2024-08-27
6335,650," Sandston, VA"," Greensboro, NC",2024-08-27
6481,800," Charlotte, NC"," Sandston, VA",2024-08-27
6334,725," Winston Salem, NC"," Williamsburg, VA",2024-08-27
6508,850," KUTZTOWN, PA"," DISPUTANTA, VA",2024-08-27
6326,800, Williamsburg VA,Harrisburg PA,2024-08-27
6348,690, Ridgeway VA,Toano VA,2024-08-27
6269,1300," 2501 60th St, HAMPTON VA 23661"," 790 Commerce Pkwy W Dr, GREENWOOD IN 46143",2024-08-31
6509,2160," 2835 W 450th St, Washington, Indiana 47501"," Disputanta, Virginia 23842",2024-08-28
6509,2160,,,2024-08-31
6510,1300," 6500 ENTERPRISE DR, DISPUTANTA VA 23842"," 4430 SAM JONES EXPRESSWAY, INDIANAPOLIS IN 46244",2024-08-27
6269,1300,"2175 Elmhurst Ln, Portsmouth, VA 23701","849 Whitaker Rd, Plainfield, IN 46168",2024-08-31
6383,1825,"1813 E. VOORHEES STREET, DANVILLE, ILLINOIS 61832","21500 COX RD, SUTHERLAND, VIRGINIA 23885",2024-08-31
6269,1300,"2501 60th St, HAMPTON, VA 23661","790 Commerce Pkwy W Dr, GREENWOOD, IN 46143",2024-08-31
6268,1650,"2595 W. STATE ROAD 28, ALEXANDRIA, IN 46001","24098 RUTHER GLEN ROAD, RUTHER GLEN, VA 22546",2024-08-31
6446,1976," 9915 Lacy Knot Dr, Brownsburg, IN 46112"," 6801 ALDI WAY, Petersburg, VA 23803",2024-08-29
6446,1976,,,2024-08-31
6269,1300," 2501 60th St, HAMPTON VA 23661"," 790 Commerce Pkwy W Dr, GREENWOOD IN 46143",2024-08-30
6268,1600,"Plainfield, IN","Ashland, VA",2024-09-08
6350,1775,Frankfort IN,Stafford VA,2024-09-08
6269,1300,"2501 60th St, HAMPTON, VA 23661","790 Commerce Pkwy W Dr, GREENWOOD, IN 46143",2024-09-08
6445,900,"1537 Air Rail Ave, Virginia Beach, VA 23455-3017","9510 Rodney St, Pineville, NC 281349201",2024-09-08
6511,735," 3004 HOLTS CHAPEL RD, GREENSBORO, NC 27401"," 34420 UNION CAMP DRIVE, FRANKLIN, VA 23851",2024-08-30
6512,600,"5900 Eastport Boulevard, Richmond, VA 23231","613 Ridge Road, Boydton, VA 23917",2024-09-08
6502,1600,"6101 Cane Run Rd, LOUISVILLE, KY 40258","6500 ENTERPRISE DR, DISPUTANTA, VA 23842",2024-09-08
6269,1300,"3097 Ballard Ave, PORTSMOUTH, VA 23701","849 Whitaker RD, PLAINFIELD, IN 46168",2024-09-08
6513,700," 13721 JEFFERSON DAVIS HWY, CHESTER, VA"," 1 FLORETTA PL, RALEIGH, NC",2024-08-29
6484,850," 190 COCHRANE RD, LINCOLNTON, North Carolina 28092"," 3712 Virginia Beach Blvd., Virginia Beach, Virginia 23452",2024-08-27
6335,620,"4530 OAKLEYS LANE, SANDSTON, VA","977 SHOTWELL RD STE 104, Clayton, NC",2024-09-08
6269,1400," 2501 60th St, HAMPTON VA 23661"," 1520 Kepner Dr, LAFAYETTE IN 47905",2024-08-29
6484,850,"190 COCHRANE RD, LINCOLNTON, North Carolina 28092","5820 E. Virginia Beach Boulevard, Norfolk, Virginia 23502",2024-09-12
6500,700,"810 Ford Drive, Norfolk, VA 23513","178 Avgol Dr, Mocksville, NC 27028",2024-09-12
6514,425,"1700 Digital Drive, Chester VA 23836","6500 Enterprise Road, Disputanta VA 23842",2024-09-01
6445,900,"1537 Air Rail Ave, Virginia Beach, VA 23455-3017","9510 Rodney St, Pineville, NC 28134-9201",2024-09-12
6342,860,"3181 PROGRESS DR, LINCOLNTON NC 28092","24098 Ruther Glen Rd, RUTHER GLEN VA 22546",2024-09-05
6515,700,"70 2 9th Street SE, HICKORY NC 28602","2501 Oak Lake Blvd, MIDLOTHIAN VA 23112",2024-09-10
6350,953,"Niagara Bottling LLC, 178 Mooresville Blvd Mooresville, NC 28115","Food Lion, 6500 Enterprise Dr Disputanta, VA 23842",2024-09-19
6500,700,"810 FORD DRIVE, NORFOLK VA 23513","AVGOL AMERICA, 178 AVGOL DR, MOCKSVILLE NC 27028",2024-09-19
6297,700,"11720 N Lakeridge Pkwy, Ashland, VA 23005","9015 Airpark West Dr Ste A, Charlotte, NC 28214",2024-09-19
6350,1800,"CONAGRA FOODS SALES LL
3500 W COUNTY RD 0 N/S
FRANKFORT IN 46041","DVA
705 BRADBURN PL #103
STAFFORD VA 22554",2024-09-12
6268,1200,"Petersburg, VA","Terre Haute, IN",2024-09-19
6272,1750,"600 State Road 32 West, Crawfordsville, IN 47933","16365 James Madison Hwy, Gordonsville, VA 22942",2024-09-19
6319,600,"330 SEMINOLE CT, CHARLOTTESVILLE, VA US 22901","1709 ENDEAVOR DR, WILLIAMSBURG, VA US 23185",2024-09-19
6269,1300,"2501 60th St, HAMPTON, VA 23661","790 Commerce Pkwy W Dr, GREENWOOD, IN 46143",2024-09-11
6457,1800,"1813 E. VOORHEES STREET Danville, IL 61832",21500 COX RD,2024-09-16
6325,850,"279 OLD MURDOCK RD, TROUTMAN, NC 28166","6500 ENTERPRISE DR, DISPUTANTA, VA 23842",2024-09-18
6516,650,"1500 JEFFERSON DAVIS HWY, Richmond, VA 23224","1911 CONTINENTAL BLVD, Charlotte, NC 28273",2024-09-16
6401,950,"441 Masters Blvd, Anderson, SC 29626","901 Walmart Way, Midlothian, VA 23113",2024-09-24
6517,950,"3808 Cook Blvd Ste 13, Chesapeake, VA, 23323","295 Parkway East, Duncan, SC, 29334",2024-09-24
6268,1400,"Virginia Beach, VA","Frankfort, IN",2024-09-24
6269,1300,"2501 6 0 th St, HAMPTON VA 23661","790 Commerce Pkwy W Dr, GREENWOOD IN 46143",2024-09-24
6272,1721,"2000 S. Jackson St, Greencastle, IN 46135","1595 Mary Street, Sandston, VA 23150",2024-09-24
6269,1300,"2501 6 0th St, HAMPTON VA 23661","790 Commerce Pkwy W Dr, GREENWOOD IN 46143",2024-09-24
6502,1600,"6101 Cane Run Rd, LOUISVILLE KY 40258","6500 ENTERPRISE DR, DISPUTANTA VA 23842",2024-09-24
6269,1300,"2501 60th St, HAMPTON, VA 23661","790 Commerce Pkwy W Dr, GREENWOOD, IN 46143",2024-09-24
6301,1650,"845 HANAWALT ST., Monticello, IN 47960","443 South Oak Ln, Lyndhurst, VA 22952",2024-09-18
6269,1300,"2501 60th St, HAMPTON, VA 23661","790 Commerce Pkwy W Dr, GREENWOOD, IN 46143",2024-09-24
6502,1600,"300 Hilton Dr, JEFFERSONVILLE, IN 47130","6500 ENTERPRISE DR, DISPUTANTA, VA 23842",2024-09-20
6381,750,"1604 PROSPECT STREET, HIGH POINT, NG 27264","4649 Carolina Ave, RICHMOND VA 23222",2024-09-25
6320,900,"Saddle Creek, Troutman, NC 28166","5045 Portsmouth Blvd, Chesapeake, VA 23321-1425",2024-09-25
6500,650,Norfolk VA,Mocksville NC,2024-09-25
6272,700,"5701 Quality Way, PRINCE GEORGE, VA 23875","200 Pepsi Way, WYTHEVILLE, VA 24382",2024-09-25
6334,750,"4051 Wallburg Road, Winston Salem, NC 27107","324 Alexander Lee Parkway, Williamsburg, VA 23185",2024-09-25
6381,675,"647 Southwest St, High Point, NC 27260","337 Moore Ave, Suffolk, VA 23434",2024-09-25
6518,600,"2708 Seven Hills Blvd, Henrico, VA 23231","55 Odell School Road, Concord, NC 28027",2024-09-19
6469,2076,"120 E. Oak St Blue Building, Orestes, IN 46063","Petersburg, VA 23803",2024-10-01
6469,2076,Lumper Fee Attached,,2024-10-01
6477,1405,"1050 PRESTON BLVD., Lithia Springs, GA 30122","6500 ENTERPRISE DRIVE, Disputanta, VA 23875",2024-10-01
6477,1405,Lumper Fee,,2024-10-01
6519,1100,"25400 OLD MILL RD, WINDSOR, VA 23487","220 GREENWOOD COURT SUITE 230, MC DONOUGH, GA 30253",2024-10-01
6269,1300,"2175 Elmhurst Ln, PORTSMOUTH VA 23701","849 Whitaker RD, PLAINFIELD IN 46168",2024-10-01
6350,935,"178 Mooresville Blvd Mooresville, NC 28115","6500 Enterprise Dr Disputanta, VA 23842",2024-10-01
6446,800,"10036 Torrence Ford Dr, Huntersville, NC 28078","1520 Willis RD, NORTH CHESTERFIELD, VA 23237",2024-10-01
6478,1700,"DAWN LOUISVILLE DISTRIBUTION, 7865 NATIONAL TPKE, LOUISVILLE, KY 40214","BAKE FRESH COMPANY INC, 2220 PARAMONT AVE, CHESAPEAKE, VA 23320",2024-10-01
6500,650,"810 FORD DRIVE, NORFOLK VA 23513","178 AVGOL DR, MOCKSVILLE NC 27028",2024-10-01
6269,1300,"3097 Ballard Ave., PORTSMOUTH VA 23701","849 Whitaker RD, PLAINFIELD IN 46168",2024-10-01
6520,1400,"3087 Ballard Ave, Portsmouth VA 23701","6352 W 400 N, Greenfield IN 46140",2024-10-01
6517,950,"3808 Cook Blvd Ste 13, Chesapeake, VA 23323","295 Parkway East, Duncan, SC 29334",2024-10-01
6401,950,"441 MASTERS BLVD, ANDERSON SC 29626","735 SOUTHPARK BLVD, COLONIAL HEIGHTSA 23834",2024-10-01
6348,900,"386 Mount Vernon Church Rd, Iron Station, NC 28080, USA","2001 BELLS RD - GATE F, Richmond, VA 23234, USA",2024-10-01
6336,850,"17200 WARWICK BLVD
NEWPORT NEWS VA 23603","152 COMMERCE DRIVE
CHERRYVILLE NC 28021",2024-09-25
6272,1700,"600 State Road 32 West, CRAWFORDSVILLE, IN 47933","16365 James Madison Hwy, GORDONSVILLE, VA 22942",2024-10-08
6383,1750,910 N Meridian St Marion IN,6500 Enterprise Dr Disputanta VA,2024-10-08
6268,1200,"Portsmouth, VA","Plainfield, IN",2024-10-08
6471,2100,"1501 Veterans Memorial Parkway E, Lafayette, IN 47905","2600 Production Road, Virginia Beach, VA 23454",2024-10-08
6269,1300,"2501 6 0 th St, HAMPTON VA 23661","790 Commerce Pkwy W Dr, GREENWOOD IN 46143",2024-10-08
6268,1550,"New Castle, IN","Sutherland, VA",2024-10-08
6269,1300,"2501 6 0 th St, HAMPTON VA 23661","790 Commerce Pkwy W Dr, GREENWOOD IN 46143",2024-10-08
6401,950,"441 MASTERS BLVD, ANDERSON SC 29626","901 WALMART WAY, MIDLOTHIAN VA 23113",2024-10-08
6336,800,"17200 WARWICK BLVD, NEWPORT NEWS VA 23603","152 COMMERCE DRIVE, CHERRYVILLE NC 28021",2024-10-08
6521,1003.53,"119 East Super Sport Dr, Mooresville, NC 28115","9300 Sliding Hill Rd, Ashland, VA 23005",2024-10-02
6500,650,"810 Ford Drive, Norfolk, VA 23513","178 Avgol Drive, Mocksville, NC 27028",2024-10-08
6522,850,"1224 Isley Drive, Gastonia, NC, United States 28052","1200 Battery Brooke Pkwy, Richmond, VA, United States 23237",2024-10-08
6272,675,"200 Orleans St, RICHMOND VA 23231","8335 Classic Dr, CHARLOTTE NC 28262",2024-10-02
6269,1300,"2501 60th St, HAMPTON VA 23661","790 Commerce Pkwy W Dr, GREENWOOD IN 46143",2024-10-02
6524,615,"10415 GLOBE RD, MORRISVILLE NC 27560","10026 Old Ridge Rd, ASHLAND VA 23005",2024-10-11
6286,700,"Henrico-TST, 2712 7 Hills Blvd, Henrico, VA 23231","Lidl Mebane, 3815 Senator Ralph Scott Pkwy, Mebane, NC 27302",2024-10-12
6310,739,"CHARLES CITY, VA 23030","MONROE, NC 28110",2024-10-08
6350,850,"5948 Lancaster Hwy, Fort Lawn, SC 29714","14038 Washington Hwy, Ashland, VA 23005",2024-10-12
6310,764,"THOMASVILLE, NC 27360","WILLIAMSBURG, VA 23185",2024-10-12
6500,650,"810 Ford Drive, Norfolk, VA 23513","178 Avgol Dr, Mocksville, NC 27028",2024-10-04
6436,500,"STONE BREWING/RICHMOND, 4300 WILLIAMSBURG AVE, RICHMOND, VA US 23231","CTPS-WILLIAMSBURG, 1709 ENDEAVOR DRIVE, WILLIAMSBURG, VA US 23185",2024-10-12
6269,1300,"2501 60th St, HAMPTON, VA 23661","790 Commerce Pkwy W Dr, GREENWOOD, IN 46143",2024-10-12
6353,925,"7000 Hardware Dr, Prince George, VA 23875","117 Little John Street, Spartanburg, SC 29301",2024-10-12
6523,950,"441 MASTERS BLVD, ANDERSON, SC 29626","9440 West Broad St, RICHMOND, VA 23294",2024-10-10
6272,1536.64,"1564 Innovation Blvd Ste B, Clayton IN 46118","317 Hill Carter Pkwy, Ashland VA 23005",2024-10-12
6335,1700,"5000 W 2 5 TH ST, Indianapolis, IN 46224","4530 OAKLEYS LANE, Sandston, VA 23231",2024-10-12
6335,720,"4530 Oakleys Lane, Sandston, VA","920 Black Satchel Rd, Charlotte, NC",2024-10-12
6350,725,"Niagara Bottling LLC, 178 Mooresville Blvd, Mooresville, NC 28115","Food Lion, 6500 Enterprise Dr, Disputanta, VA 23842",2024-10-12
6500,650,"810 Ford Drive, Norfolk, VA 23513","178 Avgol Dr, Mocksville, NC 27028",2024-10-04
6311,650,"2325 E MARTIN LUTHER KING JR DR, STE 121, HIGH POINT, NC, 272606259","10026 OLD RIDGE RD, ASHLAND, VA, 230057312",2024-10-07
6522,775,4001 Morris Field Drive,"1200 Battery Brooke Pkwy, Richmond, VA, 23237",2024-10-09
6310,739,"CHARLES CITY, VA 23030","MONROE, NC 28110",2024-10-08
6484,1000,"7795 POCHONTAS TRAIL, WILLIAMSBURG, Virginia 23185","2101 HIGHWAY 86, PIEDMONT, South Carolina 29673",2024-10-01
6525,1600,"9431 ALLPOINTS PKWY, Plainfield, IN US 46168","24098 RUTHER GLEN ROAD, RUTHER GLEN, VA US 22546",2024-10-07
6269,1300,Hampton VA,Greenwood IN,2024-10-10
6447,900,Mooresville NC,Disputanta VA,2024-10-12
6526,650,"Mohawk Industries, 550 Cloniger Drive, Thomasville, NC 27360","Shotgun Distribution, 1821 Battery Dantzler Road, Chester, VA 23836",2024-10-19
6319,1000,"17200 WARWICK BLVD, NEWPORT NEWS, VA 236030001","213 COMMERCE BOULEVARD, ANDERSON, SC 296250001",2024-10-19
6523,1000,"441 MASTERS BLVD, ANDERSON SC 29626","2444 CHESAPEAKE SQ RING RD, CHESAPEAKE VA 23321",2024-10-19
6315,750,"1700 Digital Drive, Chester, VA 23836","8909 JW Clay Blvd, Charlotte, NC 28262",2024-10-19
6304,150,"1700 Digital Dr, Chester, VA 23836-2846","10800 WITHERS COVE PARK DR, CHARLOTTE, NC 28278",2024-10-14
6374,650,"Baltimore Federal Reserve, 502 South Sharp St, Baltimore, MD 21201","Federal Reserve Bank of Richmond, 701 East Byrd St, Richmond, VA 23219",2024-10-20
6312,1300,"390 SOUTHWELL BLVD, TIFTON, GA 31794","1100 KEY HWY EAST, BALTIMORE, MD 21230",2024-10-20
6344,2250,"8101 Whitepine Rd, NORTH CHESTERFIELD, VA 23237","110 Moss Rd, AUBURNDALE, FL 33823",2024-10-20
6447,400,"GATORADE DC LAKELAND S
8060 STATE ROAD 33 N
LAKELAND FL 33809","PBC VALDOSTA GA
1525 MADISON HWY
VALDOSTA GA 31601",2024-10-20
6269,1200,"2501 60th St, HAMPTON VA 23661","790 Commerce Pkwy W Dr, GREENWOOD IN 46143",2024-10-20
6293,1550,"1001 NORTH SECOND ST, NORTH VERNON, IN 47265","2400 DISTRIBUTION DRIVE; BLDING B, HENRICO, VA 23231",2024-10-20
6276,1300,"ESKA, 150 JUDKINS CT, Suffolk, VA - 23434 USA","PACKAGE RIGHT CORPORATION, 811 DEVELOPMENT DRIVE, TIPTON, IN - 46072 USA",2024-10-20
6353,1750,"318 Glenn St, Crawfordsville, IN 47933","4530 Oakleys Ln, Henrico, VA 23231",2024-10-20
6374,1750,"Sandston Coca Cola (4530 Oakley Lane) Henrico, VA 23231","Parks CCBC MO Dist Center (1777 N Packer Rd, MO 65803",2024-10-15
6527,2750,"2066 Clark Ave, West Plains, MO 65775","480 Park Center Drive, Winchester, VA 22603",2024-10-20
6510,1300,"1133 KINGWOOD AVENUE, NORFOLK, VA 23502","4430 SAM JONES EXPRESSWAY, INDIANAPOLIS, IN 46244",2024-10-18
6268,1750,Plainfield IN,Norfolk VA,2024-10-28
6269,1200,Hampton VA,Greenwood IN,2024-10-28
6335,1700,Indianapolis IN,Henrico VA,2024-10-28
6269,1300,Hampton VA,Greenwood IN,2024-10-28
6400,2165,"Clayton Consolidation Center, 9472 Distribution Drive, MAN DOOR N 5, Clayton, IN 46118","CVS - FREDERICKSBURG M 101, 500 Lansdowne Road, FREDERICKSBURG, VA 22408",2024-10-23
6335,620,Henrico VA,Greensboro NC,2024-10-28
6481,750,"5418 Davidson Highway Kannapolis, NC 28027","12300 Dominion Way Windsor, VA 23487",2024-10-14
6335,650,Roanoke VA,Charlotte NC,2024-10-28
6492,828.23,"931 Dunluce Road, King William, VA 23086","216 Forrester Drive, Greenville, SC 29607",2024-10-12
6312,800,"996 Paragon Way, Rock Hill, SC 29730","6008 Walton Way, Mount Crawford, VA 22841",2024-10-17
6481,700,"5418 Davidson Highway Kannapolis, NC 28027","5401 Eubank Rd Sandston, VA 23150",2024-10-21
6500,700,"810 Ford Drive, Norfolk, VA 23513","178 Avgol Dr, Mocksville, NC 27028",2024-10-22
6520,1300,Portsmouth VA,Greenfield IN,2024-10-28
6268,1795,"Alexandria, IN","Ruther Glen, VA",2024-10-23
6457,1700,"870 W. ANDERSON BLVD. Greenfield, IN 46140","2505 Hawkeye Court Virginia Beach, VA 23452",2024-10-21
6276,1250,"ESKA, 150 JUDKINS CT, Suffolk, VA - 23434 USA","PACKAGE RIGHT CORPORATION, 811 DEVELOPMENT DRIVE, TIPTON, IN - 46072 USA",2024-10-18
6528,850,"810 FORD DR, NORFOLK, VA 23523",10820 WITHERS COVE PARK ORIVE FCFS 0800-1500  CHARLOTTE. NC 28278,2024-10-22
6350,700,"Niagara Bottling LLC, 178 Mooresville Blvd, Mooresville, NC 28115","Food Lion, 6500 Enterprise Dr, Disputanta, VA 23842",2024-10-21
6500,700,"810 Ford Drive, Norfolk, VA 23513","178 Avgol Dr, Mocksville, NC 27028",2024-10-24
6500,650,"810 Ford Drive Norfolk, VA 23513","178 Avgol Dr Mocksville, NC 27028",2024-10-18
6272,597,"909 Prospect St, High Point NC 27260","5701 Quality Way, Prince George VA 23875",2024-10-24
6445,950,"1537 Air Rail Ave, Virginia Beach, VA 23455-3017","9510 RODNEY ST, Pineville, NC 28134",2024-11-02
6335,1700,"900 W 25TH ST, Indianapolis, IN 46224","530 Oakleys Lane, Henrico, VA 23231",2024-11-02
6276,1250,"ESKA, 150 JUDKINS CT, Suffolk, VA - 23434 USA","PACKAGE RIGHT CORPORATION, 811 DEVELOPMENT DRIVE, TIPTON, IN - 46072 USA",2024-11-02
6269,1200,"2501 6 0th St, HAMPTON VA 23661","790 Commerce Pkwy W Dr, GREENWOOD IN 46143",2024-11-02
6520,1300,"CONERSTONE AMP LOGISTICS, 3097 BALLARD AVE, PORTSMOUTH VA 23701","ALFA LAVAL, 6352 W 400 N, GREENFIELD IN 46140",2024-11-02
6471,2100,"1501 Veterans Memorial Parkway E., Lafayette, IN 47905","2600 Production Road, Virginia Beach, VA 23454",2024-11-02
6423,1900,"7290 Winton Dr. Bldg 99, Indianapolis, IN 46268","1400 Cavalier Blvd Ste J, Chesapeake, VA 23323",2024-11-02
6269,1300,"2501 60th St, HAMPTON, VA 23661","790 Commerce Pkwy W Dr, GREENWOOD, IN 46143",2024-11-02
6539,1800,"Plainfield, IN 46168","Sutherland, VA 23885",2024-11-01
6500,700,810 Ford Drive Norfolk VA 23513,178 Avgol Dr Mocksville NC 27028,2024-11-08
6268,1200,"Portsmouth, VA","Plainfield, IN",2024-11-12
6502,150,"6101 Cane Run Rd, LOUISVILLE KY 40258","6500 ENTERPRISE DR, DISPUTANTA VA 23842",2024-11-12
6500,700,"810 Ford Drive, Norfolk, VA 23513","178 Avgol Dr, Mocksville, NC 27028",2024-10-31
6304,903.53,Lumper,,2024-11-07
6304,903.53,"Carolina Beverage, 119 East Super Sport Drive, Mooresville, NC 28115","Wegmans, 9300 SLIDING HILL RD, ASHLAND, VA 23005",2024-11-07
6521,1003.53,"119 East Super Sport Dr, Mooresville, NC 28115","9300 Sliding Hill Rd, Ashland, VA 23005",2024-11-12
6320,800,"279 OLD MURDOCK RD, TROUTMAN, NC 28166","5045 PORTSMOUTH BLVD, CHESAPEAKE, VA 23321-1425",2024-11-12
6500,700,"810 FORD DRIVE, NORFOLK, VA 23513","178 AVGOL DR, MOCKSVILLE, NC 27028",2024-11-06
6311,825,"3936 Corporation Cir, Charlotte, NC, 28216","1400 Air Rail Ave, Virginia Beach, VA, 23455",2024-11-12
6300,650,"5700 AUDUBON DRIVE, SANDSTON, VA 23150","11922 GENERAL DRIVE, CHARLOTTE, NC 28273",2024-11-04
6408,925,"10701 A S Commerce Blvd, Charlotte, NC 28273","6500 Enterprise Drive, Disputanta, VA 23842",2024-11-12
6353,675,"25410 WEAKLY ROAD, PETERSBURG, VA 23803","1900 CONTINENTAL BLVD., CHARLOTTE, NC 28273",2024-11-12
6412,930,"1720 East Main Street, Duncan, SC, US 29334","4817 County Drive, Disputanta, VA, US 23842",2024-11-12
6286,700,"BERRY PLASTICS, 1401 Progress Rd, Suffolk, VA 23434, US","BAKKAVOR BREADELI, CHARLOTTE, 10220-P WESTERN RIDGE RD, NC 28273, US",2024-11-12
6481,850,"5418 Davidson Highway, Kannapolis, NC 28027","6500 Enterprize Dr, Disputanta, VA 23842",2024-11-12
6481,850,Lumper,,2024-11-12
6319,800,"17200 WARWICK BLVD, NEWPORT NEWS, VA US 236030001","152 COMMERCE DRIVE, CHERRYVILLE, NC US 280210001",2024-11-12
6315,1035,"178 MOORESVILLE BLVD, MOORESVILLE, NC 28115","56 MCLANE DRIVE, FREDERICKSBURG, VA 22406",2024-11-12
6276,1250,"ESKA, 150 JUDKINS CT, Suffolk, VA - 23434 USA","PACKAGE RIGHT CORPORATION, 811 DEVELOPMENT DRIVE, TIPTON, IN - 46072 USA",2024-11-12
6297,1679,"2350 Reeves Rd, Plainfield, IN 46168","1900 Meadowville Technology, Chester, VA 23836",2024-11-12
6487,375,"3001 COFER RD, RICHMOND, VA 23224","23361 BUSINESS CENTRE CT, Ruther Glen, VA 2254",2024-11-12
6268,1800,"Evansville, IN","Goldsboro, NC",2024-11-17
6540,800,"SOUTHERN SILICA, 4303 HWY US 1 NORTH, HOFFMAN NC 28347","TUFCO FLOORING DELMARVA INC, 4930 OLD MIDLOTHIAN TPKE, RICHMOND VA 23224",2024-11-11
6269,1200,"2501 6th St, Hampton, VA 23661","790 Commerce Pkwy W Dr, Greenwood, IN 46143",2024-11-17
6268,1700,"Brownsburg, IN","Newport News, VA",2024-11-17
6445,1000,"1537 Air Rail Ave, Virginia Beach, VA 23455-3017","9510 RODNEY ST, PINEVILLE, NC 281349201",2024-11-17
6319,800,"17200 WARWICK BLVD, NEWPORT NEWS, VA US 236030001","152 COMMERCE DRIVE, CHERRYVILLE, NC US 280210001",2024-11-17
6350,800,"178 Mooresville Blvd, Mooresville, NC 28115","56 McLane Drive, Fredericksburg, VA 22406",2024-11-17
6400,150,"Black Knight Financial Services / ICE Mortgage Technology, 5640 Cox Rd. STE 100, Glen Allen, VA 23060","Regency - Durham, 2710 Weck Dr, Durham, NC 27709",2024-11-17
6320,800,"279 Old Murdock RD, Troutman, NC 28166","5045 Portsmouth Blvd, Chesapeake, VA 23321-1425",2024-11-17
6319,800,"17200 Warwick Blvd, Newport News, VA 23603","152 Commerce Drive, Cherryville, NC 28021",2024-11-19
6303,751,"601 E. MAIN STREET, BLDG T-4
YADKINVILLE, NC US 27055","6801 ALDI WAY
PETERSBURG, VA US 23803",2024-11-15
6303,751,,,2024-11-15
6541,900,"100 CERAMIC TILE DRIVE, MORGANTON, NC 28655","24098 RUTHER GLEN, RUTHER GLEN, VA 22546",2024-11-13
6433,700,"7795 Pocahontas Trail, Williamsburg, VA 23185","1015 ZIGLAR RD, Winston Salem, NC 27105",2024-11-19
6487,793,"1409 Deborah Herman Road, Conover, NC 28613","6801 ALDI Way, Petersburg, VA 23803",2024-11-25
6511,700,"2550 HICKORY BLVD, LENOIR, NC 28645","34420 UNION CAMP DRIVE, FRANKLIN, VA 23851",2024-11-25
6542,1600,"FRAM GROUP- HEBRON
1100 Worldwide Blvd,
Hebron, KY 41048","WALMART DC 602 3 A - ASM DIS
21504 Cox Rd,
Sutherland, VA 23885",2024-11-18
6500,700,"810 Ford Drive, Norfolk, VA 23513","178 Avgol Dr, Mocksville, NC 27028",2024-11-20
6324,675,"4415 Carolina Ave, Richmond, VA 23222","420 Hogan St, Morganton, NC 28655",2024-11-25
6320,800,"279 Old Murdock Rd, Troutman, NC 28166","5045 Portsmouth Blvd, Chesapeake, VA 23321-1425",2024-11-25
6350,850,"Niagara Bottling LLC, 178 Mooresville Blvd, Mooresville, NC 28115","Mclane Mid Atlantic, 56 McLane Drive, Fredericksburg, VA 22406",2024-11-25
6269,1200,"2501 60th St, HAMPTON VA 23661","790 Commerce Pkwy W Dr, GREENWOOD IN 46143",2024-11-25
6269,1200,"2501 60th St, HAMPTON VA 23661","790 Commerce Pkwy W Dr, GREENWOOD IN 46143",2024-11-25
6269,1300,"Epes Transport Warehouse, 2501 6 0 th St, HAMPTON VA 23661","TRIGO-SCSI, 1520 Kepner Dr, LAFAYETTE IN 47905",2024-11-25
6486,1825,"Plainfield, IN","Sutherland, VA",2024-11-20
6500,700,"810 Ford Drive, Norfolk, VA 23513","178 Avgol Dr, Mocksville, NC 27028",2024-11-19
6500,700,"810 Ford Drive, Norfolk, VA 23513","178 Avgol Dr, Mocksville, NC 27028",2024-11-21
6346,850,"150 South Bivens Road, Monroe, NC 28112","4701 Chudoba Parkway, Prince George, VA 23875",2024-11-29
